{"type":"FeatureCollection","features":[{"type":"Feature","properties":{"dashboardCountry":"Indonesia"},"geometry":{"type":"MultiPolygon","coordinates":[[[[117.703608,4.163415],[117.907039,4.156683],[117.934825,4.059882],[117.703608,4.163415]]],[[[124.450531,-9.18019],[124.919507,-8.962016],[124.933025,-9.074484],[125.139421,-9.024771],[125.150634,-9.185381],[124.957933,-9.211943],[125.061615,-9.485772],[124.970714,-9.662367],[124.418468,-10.163832],[124.122406,-10.17254],[123.799327,-10.374688],[123.472016,-10.364923],[123.515391,-10.213067],[123.764659,-10.074965],[123.577403,-10.034356],[123.688813,-9.611423],[124.010102,-9.343927],[124.310066,-9.488722],[124.450531,-9.18019]]],[[[117.567149,4.159654],[117.395844,4.098944],[117.826182,3.703599],[117.628673,3.632066],[117.468761,3.792304],[117.509776,3.607367],[117.030528,3.594387],[117.199229,3.616278],[117.242849,3.490668],[117.446544,3.43476],[117.27003,3.23432],[117.617198,3.085883],[117.564952,2.983547],[117.685069,2.96308],[117.543793,2.922105],[117.736339,2.901597],[117.61964,2.825507],[118.082205,2.33747],[117.826182,2.106513],[117.900401,2.049994],[117.750011,2.03144],[119.011729,0.976264],[118.798188,0.804918],[118.383962,0.804918],[117.893891,1.113471],[118.03297,0.800238],[117.743175,0.740546],[117.469981,0.108791],[117.441417,-0.52516],[117.630138,-0.418715],[117.482921,-0.69964],[117.627126,-0.770929],[117.339041,-0.9013],[117.281505,-0.809177],[116.957693,-1.239923],[116.819835,-1.261407],[116.743175,-1.024835],[116.76238,-1.36533],[116.222423,-1.789646],[116.424815,-1.766371],[116.466563,-1.907485],[116.283214,-2.169366],[116.603282,-2.224216],[116.517914,-2.553888],[116.30421,-2.525649],[116.296886,-2.608168],[116.393077,-2.573989],[116.287608,-2.987074],[116.137706,-2.823419],[116.105724,-2.997979],[116.264903,-3.136895],[115.967947,-3.608819],[114.664317,-4.184177],[114.550304,-3.348077],[114.476817,-3.500665],[114.26352,-3.397556],[114.364757,-3.211521],[114.186534,-3.382257],[114.117686,-3.190362],[114.042003,-3.355564],[113.632498,-3.456801],[113.611501,-3.174249],[113.365733,-3.252862],[113.302745,-3.16253],[113.351085,-3.272393],[113.035167,-2.922947],[112.941091,-3.106378],[113.021495,-3.16253],[112.638031,-3.416762],[112.202891,-3.329522],[111.905284,-3.572035],[111.808767,-3.532973],[111.75408,-2.738539],[111.569835,-3.01572],[111.324229,-2.925958],[110.942393,-3.091485],[110.754242,-3.026056],[110.956065,-2.879002],[110.662446,-3.080743],[110.54949,-2.867608],[110.263194,-3.002862],[110.156993,-2.62127],[110.280528,-2.518243],[110.159923,-2.436456],[110.09254,-1.94964],[109.903819,-1.826104],[110.061371,-1.346368],[109.76352,-0.870864],[109.677257,-0.983819],[109.273204,-0.853611],[109.262543,-0.667413],[109.506521,-0.716404],[109.139415,-0.528578],[109.046235,-0.245864],[109.224783,-0.237237],[109.156505,0.020087],[109.300466,0.010484],[108.920909,0.340277],[108.924327,1.164008],[109.266368,1.394599],[108.98585,1.215806],[109.340994,1.935533],[109.645274,2.083238],[109.528436,1.889989],[109.65804,1.59719],[110.263481,0.994307],[110.553903,0.85137],[111.197584,1.075233],[111.503199,0.958444],[111.823076,1.008467],[112.09293,1.143135],[112.161556,1.434539],[112.470478,1.567657],[112.973186,1.569854],[112.9582,1.415651],[113.624826,1.227575],[113.909667,1.442471],[114.545597,1.434952],[114.679542,1.840741],[114.831988,1.902521],[114.778761,2.247202],[115.206125,2.509874],[115.05647,2.608627],[115.069079,2.832645],[115.242092,3.041624],[115.464094,3.030824],[115.601243,3.430231],[115.538818,3.920615],[115.844122,4.389216],[116.020649,4.270852],[116.125759,4.378907],[116.411323,4.288654],[116.522221,4.396787],[117.202696,4.356066],[117.567149,4.159654]]],[[[140.974457,-2.600518],[140.976904,-6.335116],[140.849211,-6.702846],[140.977162,-6.896632],[140.97698,-9.106134],[139.988129,-8.192478],[140.151703,-7.884698],[139.973643,-8.096938],[139.395193,-8.200942],[139.254649,-8.146091],[139.217133,-7.951349],[139.224457,-8.074395],[138.914399,-8.292087],[138.842784,-8.117446],[139.093028,-7.559991],[138.667491,-7.197849],[139.157074,-7.243097],[139.240001,-7.151056],[138.84254,-7.145603],[138.561534,-6.918634],[138.931488,-6.842543],[139.192231,-6.972914],[138.683442,-6.714532],[138.829112,-6.705987],[138.466075,-6.402114],[138.262462,-5.914727],[138.403982,-5.835707],[138.157563,-5.773696],[138.362966,-5.678806],[138.071056,-5.728611],[138.061371,-5.403741],[137.999278,-5.478936],[137.924815,-5.328709],[137.813975,-5.358168],[137.808116,-5.253025],[137.278819,-4.936619],[137.219005,-5.01336],[137.101736,-4.889255],[136.822113,-4.928318],[135.95045,-4.50628],[135.185557,-4.448907],[134.648204,-4.118748],[134.688487,-3.947442],[134.967784,-3.936782],[134.675792,-3.90838],[134.525238,-4.026462],[134.333507,-3.868829],[134.315278,-4.020278],[134.141124,-3.903009],[134.127452,-3.745294],[133.971039,-3.850274],[133.838145,-3.590427],[133.829275,-3.721856],[133.703136,-3.672621],[133.641449,-3.483657],[133.690929,-3.216078],[133.929454,-3.114679],[133.860525,-2.922947],[133.668224,-3.122166],[133.627696,-3.416274],[133.514008,-3.378351],[133.591807,-3.545343],[133.408865,-3.722426],[133.45338,-3.865411],[133.250987,-4.066827],[132.907725,-4.088149],[132.730968,-3.682306],[132.931814,-3.554132],[132.811697,-3.281671],[132.671153,-3.328546],[132.325694,-2.946547],[131.976085,-2.929783],[132.044444,-2.803399],[131.958018,-2.788181],[132.311778,-2.676446],[132.728282,-2.813165],[133.033539,-2.479425],[133.239594,-2.416762],[133.39031,-2.526625],[133.380707,-2.676446],[133.445567,-2.494724],[133.450369,-2.642348],[133.473481,-2.521661],[133.633962,-2.539321],[133.682384,-2.717462],[133.713145,-2.511977],[133.816905,-2.649021],[133.747244,-2.437921],[134.005138,-2.388442],[133.867361,-2.341241],[133.949962,-2.203546],[133.792003,-2.260186],[133.94044,-2.107599],[133.645763,-2.236017],[132.305675,-2.265558],[131.941905,-1.895115],[132.023936,-1.675958],[131.886729,-1.652032],[131.982188,-1.538751],[131.804861,-1.607599],[131.791189,-1.497735],[131.750173,-1.5735],[131.436534,-1.501723],[131.372813,-1.394708],[131.20574,-1.523614],[130.948253,-1.412205],[131.236176,-1.117283],[131.243012,-0.819431],[131.876475,-0.68963],[132.396658,-0.353448],[132.975108,-0.444757],[133.391612,-0.72324],[133.977224,-0.72324],[134.17213,-0.863865],[134.036143,-0.957778],[134.281993,-1.350193],[134.087087,-1.682794],[134.19337,-2.379083],[134.463878,-2.862074],[134.484386,-2.539321],[134.638438,-2.511163],[134.701345,-2.958673],[134.851329,-2.899835],[134.898936,-3.262791],[135.340831,-3.389744],[135.909923,-2.985772],[135.96461,-2.775811],[136.266368,-2.560317],[136.38087,-2.234063],[136.749278,-2.252048],[137.178477,-2.106134],[137.123546,-1.797459],[137.839122,-1.471124],[139.780772,-2.354669],[140.15797,-2.320896],[140.332286,-2.455743],[140.74464,-2.499119],[140.723806,-2.633966],[140.974457,-2.600518]]],[[[113.395193,-8.447035],[113.40919,-8.486749],[113.281993,-8.488214],[113.289073,-8.432794],[113.395193,-8.447035]]],[[[123.146251,-8.425958],[123.179942,-8.444431],[123.163585,-8.473728],[123.006602,-8.507908],[122.930837,-8.604099],[122.882986,-8.58294],[122.999848,-8.448663],[123.146251,-8.425958]]],[[[128.231212,-8.251235],[128.181977,-8.285089],[128.083263,-8.254571],[128.10377,-8.211847],[128.213552,-8.199395],[128.231212,-8.251235]]],[[[129.029633,-8.206801],[129.006196,-8.263604],[128.834483,-8.199802],[129.029633,-8.206801]]],[[[127.741873,-8.158949],[127.768809,-8.212579],[127.6692,-8.240899],[127.604015,-8.206801],[127.741873,-8.158949]]],[[[117.664317,-8.148126],[117.492524,-8.361017],[117.486827,-8.182875],[117.664317,-8.148126]]],[[[127.216319,-8.026951],[127.224946,-8.108575],[127.15211,-8.096938],[127.158946,-8.034926],[127.216319,-8.026951]]],[[[131.104991,-7.629002],[131.132579,-7.623305],[131.092296,-7.692315],[130.971202,-7.701349],[130.999522,-7.657485],[131.104991,-7.629002]]],[[[130.968598,-7.534601],[130.840994,-7.528741],[130.858653,-7.486912],[130.968598,-7.534601]]],[[[131.174815,-7.404229],[131.080333,-7.503676],[130.989268,-7.47324],[131.01824,-7.415216],[131.174815,-7.404229]]],[[[131.283946,-7.329767],[131.27711,-7.370782],[131.215831,-7.35711],[131.264985,-7.297133],[131.283946,-7.329767]]],[[[120.96046,-7.281996],[121.066905,-7.302504],[120.992686,-7.333591],[120.792328,-7.279474],[120.96046,-7.281996]]],[[[120.757823,-7.075942],[120.670349,-7.15096],[120.556253,-7.072889],[120.621256,-6.998245],[120.757823,-7.075942]]],[[[138.753429,-6.778253],[138.716319,-6.864679],[138.6185,-6.729099],[138.753429,-6.778253]]],[[[131.597423,-6.679132],[131.624522,-6.709731],[131.568696,-6.732599],[131.591319,-6.767673],[131.551036,-6.801528],[131.537364,-6.738051],[131.597423,-6.679132]]],[[[134.707367,-6.589044],[134.737559,-6.630955],[134.669444,-6.772882],[134.62143,-6.747003],[134.628266,-6.709405],[134.707367,-6.589044]]],[[[134.607758,-6.421482],[134.541759,-6.529474],[134.347179,-6.359633],[134.446137,-6.285414],[134.607758,-6.421482]]],[[[134.840587,-6.287693],[134.888194,-6.31406],[134.826345,-6.47324],[134.794119,-6.401951],[134.840587,-6.287693]]],[[[134.37794,-6.254083],[134.337657,-6.331964],[134.162283,-6.196547],[134.125987,-6.034275],[134.37794,-6.254083]]],[[[109.906016,-7.83766],[109.014415,-7.732599],[108.87322,-7.61061],[108.453711,-7.818501],[107.864534,-7.74513],[107.411388,-7.495864],[106.39776,-7.378465],[106.510804,-6.963799],[105.216807,-6.772068],[105.36378,-6.664972],[105.490082,-6.809015],[105.643859,-6.482333],[105.782234,-6.512107],[105.867198,-6.110121],[106.052745,-5.881036],[106.15919,-6.009535],[106.298839,-5.945001],[106.793224,-6.104099],[107.005138,-6.072361],[107.044444,-5.914321],[107.354136,-5.975995],[107.678224,-6.238023],[107.885359,-6.186922],[108.093683,-6.326847],[108.360269,-6.246401],[108.605479,-6.761651],[108.944835,-6.849379],[110.177501,-6.856215],[110.381033,-6.975681],[110.571544,-6.836196],[110.671072,-6.499933],[111.010753,-6.420994],[111.144379,-6.691827],[111.493419,-6.623468],[112.083995,-6.90602],[112.582774,-6.870538],[112.683849,-7.1749],[112.60377,-7.192641],[112.823253,-7.262628],[112.761485,-7.531183],[113.13266,-7.727797],[113.32309,-7.785577],[114.045584,-7.611993],[114.388927,-7.758071],[114.467296,-7.830987],[114.37672,-8.519464],[114.624766,-8.740655],[113.979991,-8.620212],[113.240733,-8.280938],[112.672699,-8.447035],[111.792003,-8.256524],[111.695811,-8.37127],[111.017345,-8.254653],[109.906016,-7.83766]]],[[[124.065196,-5.962498],[124.04127,-6.020766],[123.968923,-5.935317],[123.979177,-5.869887],[124.065196,-5.962498]]],[[[132.797374,-5.609063],[132.805431,-5.684991],[132.743175,-5.630304],[132.784923,-5.527276],[132.797374,-5.609063]]],[[[132.318614,-5.513604],[132.37143,-5.554132],[132.334321,-5.572931],[132.318614,-5.513604]]],[[[123.77711,-5.513604],[123.793305,-5.589125],[123.691173,-5.472752],[123.77711,-5.513604]]],[[[123.539724,-5.245538],[123.62379,-5.266534],[123.6338,-5.366876],[123.559255,-5.351332],[123.539724,-5.245538]]],[[[129.927257,-4.53045],[129.93336,-4.562921],[129.85906,-4.554783],[129.927257,-4.53045]]],[[[127.23463,-3.821059],[127.241368,-3.910817],[127.145086,-3.884983],[127.23463,-3.821059]]],[[[122.3213,-3.511895],[122.355479,-3.556573],[122.293305,-3.580824],[122.3213,-3.511895]]],[[[132.70281,-3.453302],[132.702891,-3.519301],[132.620291,-3.423761],[132.666515,-3.410252],[132.70281,-3.453302]]],[[[122.439626,-3.419041],[122.464692,-3.440851],[122.433604,-3.485284],[122.40211,-3.420505],[122.417817,-3.384535],[122.439626,-3.419041]]],[[[127.615489,-3.307387],[127.624522,-3.361749],[127.480479,-3.29339],[127.563975,-3.255792],[127.615489,-3.307387]]],[[[127.772227,-3.16253],[127.778494,-3.244236],[127.643321,-3.224379],[127.772227,-3.16253]]],[[[127.954112,-2.916681],[127.994395,-2.93906],[127.947276,-3.018487],[127.826996,-3.028985],[127.954112,-2.916681]]],[[[123.87672,-2.018487],[123.886974,-2.073907],[123.839366,-2.049086],[123.87672,-2.018487]]],[[[124.348888,-1.959568],[124.370291,-2.038995],[124.300629,-1.987481],[124.348888,-1.959568]]],[[[123.656993,-1.909356],[123.664399,-1.948907],[123.663829,-1.963311],[123.656993,-1.963311],[123.651622,-1.949395],[123.649587,-1.934177],[123.649587,-1.901788],[123.656993,-1.901788],[123.656993,-1.909356]]],[[[123.738048,-1.907892],[123.739513,-1.915948],[123.746349,-1.929132],[123.745779,-1.935968],[123.740489,-1.940525],[123.711681,-1.957127],[123.705577,-1.93377],[123.712901,-1.911716],[123.726085,-1.899998],[123.738048,-1.907892]]],[[[108.677257,-1.7138],[108.691417,-1.699151],[108.723155,-1.693617],[108.757091,-1.695408],[108.778087,-1.702732],[108.7588,-1.717462],[108.72462,-1.719415],[108.677257,-1.7138]]],[[[127.371104,-1.367446],[127.378754,-1.40545],[127.28419,-1.425388],[127.330251,-1.353774],[127.371104,-1.367446]]],[[[109.170177,-1.257582],[109.144216,-1.311456],[109.100759,-1.300551],[109.170177,-1.257582]]],[[[109.254649,-1.169366],[109.264903,-1.174981],[109.265147,-1.187921],[109.259776,-1.202244],[109.25294,-1.212498],[109.245779,-1.217869],[109.234141,-1.224542],[109.223399,-1.227146],[109.218516,-1.220392],[109.218516,-1.206638],[109.219981,-1.198012],[109.223888,-1.191339],[109.242442,-1.174412],[109.248709,-1.170831],[109.254649,-1.169366]]],[[[104.479991,-0.271254],[104.492524,-0.30877],[104.406505,-0.311782],[104.404959,-0.28338],[104.479991,-0.271254]]],[[[102.839122,0.290961],[102.854503,0.303168],[102.884532,0.315253],[102.91391,0.320258],[102.927257,0.310858],[102.907725,0.298529],[102.875336,0.284084],[102.847016,0.278062],[102.839122,0.290961]]],[[[103.0796,0.624416],[103.071462,0.577216],[103.036632,0.657538],[103.0796,0.624416]]],[[[103.506358,0.70189],[103.517426,0.698432],[103.521821,0.689846],[103.521332,0.678656],[103.517914,0.667629],[103.506114,0.640774],[103.497895,0.627021],[103.489024,0.61994],[103.472016,0.622992],[103.469249,0.637397],[103.473888,0.653469],[103.479015,0.660956],[103.48585,0.667385],[103.499522,0.695502],[103.506358,0.70189]]],[[[103.112804,0.792955],[103.092296,0.722357],[103.077159,0.760891],[103.112804,0.792955]]],[[[104.564626,0.798163],[104.613536,0.765855],[104.511241,0.750312],[104.564626,0.798163]]],[[[103.667735,0.839667],[103.702647,0.814154],[103.71811,0.798082],[103.727306,0.779853],[103.724864,0.766506],[103.71339,0.762437],[103.700938,0.765692],[103.695079,0.773912],[103.688813,0.791653],[103.666515,0.823635],[103.667735,0.839667]]],[[[103.462169,0.918931],[103.469005,0.869615],[103.407074,0.911444],[103.462169,0.918931]]],[[[120.649181,1.072455],[120.68336,1.044582],[120.607595,1.072455],[120.649181,1.072455]]],[[[120.377615,1.079901],[120.406505,1.060981],[120.37794,1.024075],[120.377615,1.079901]]],[[[119.846528,-0.874607],[119.799978,-0.123793],[119.634451,0.010484],[119.832693,-0.084405],[119.888194,0.071275],[119.785167,0.239488],[120.032237,0.516303],[120.045746,0.734361],[120.227061,0.814887],[120.278494,0.994208],[120.568126,0.782131],[120.801768,1.052639],[120.833507,1.32567],[121.264903,1.22956],[121.451427,1.297553],[121.546723,1.072455],[122.454112,1.020657],[122.848888,0.81802],[122.968028,0.962592],[123.186697,0.973619],[123.92921,0.831529],[124.389415,1.186103],[124.593761,1.195868],[124.54835,1.359849],[124.835704,1.469143],[124.983897,1.731594],[125.175304,1.678168],[125.249197,1.484687],[124.514171,0.503323],[124.321788,0.398871],[123.625987,0.266588],[123.23878,0.32453],[123.074229,0.516303],[121.800466,0.426459],[121.601899,0.551744],[121.107921,0.407131],[120.502696,0.528876],[120.133311,0.19123],[119.995616,-0.209242],[120.07309,-0.613946],[120.255626,-0.899347],[120.500336,-0.975274],[120.675955,-1.394708],[121.105479,-1.405857],[121.620128,-0.800388],[121.714203,-0.935479],[122.105317,-0.926202],[122.207693,-0.764744],[122.929047,-0.758884],[122.73463,-0.64837],[123.075857,-0.55641],[123.403494,-0.642673],[123.454356,-0.758233],[123.311209,-1.051446],[123.096202,-0.835056],[122.838715,-0.899184],[122.368826,-1.492771],[121.861339,-1.669692],[121.692149,-1.908136],[121.296072,-1.816664],[121.340587,-1.991306],[121.402029,-1.909356],[121.822927,-2.287286],[122.015636,-2.693536],[122.472911,-3.151137],[122.295665,-3.312921],[122.378429,-3.438735],[122.25172,-3.376072],[122.197927,-3.57171],[122.663341,-3.897149],[122.55128,-3.970798],[122.688162,-4.13836],[122.872813,-4.093194],[122.842052,-4.438084],[122.670177,-4.314548],[122.758149,-4.484796],[122.599132,-4.396742],[122.233246,-4.468032],[122.04835,-4.625909],[122.090994,-4.836684],[121.704356,-4.835219],[121.477712,-4.622979],[121.627696,-4.087091],[121.255626,-3.903009],[120.874522,-3.498956],[121.066742,-3.19378],[121.048188,-2.698989],[120.776052,-2.614923],[120.203461,-2.957696],[120.425792,-3.256117],[120.351899,-4.100274],[120.449962,-4.64658],[120.264334,-5.149998],[120.458344,-5.626072],[120.323253,-5.509535],[119.914887,-5.568943],[119.772227,-5.701267],[119.433279,-5.587823],[119.352794,-5.355645],[119.646983,-3.97796],[119.456716,-3.714532],[119.493988,-3.488377],[119.297618,-3.427911],[118.938813,-3.573989],[118.764171,-3.090916],[118.887706,-2.882501],[118.771658,-2.862074],[118.792328,-2.649998],[119.135753,-2.454278],[119.216075,-2.009942],[119.347016,-1.959405],[119.32838,-1.214451],[119.72462,-0.639255],[119.846528,-0.874607]]],[[[127.785899,2.264228],[127.816173,2.233791],[127.781261,2.20893],[127.74822,2.247382],[127.785899,2.264228]]],[[[128.193614,2.367255],[128.154633,2.286363],[128.128673,2.358303],[128.160167,2.404853],[128.193614,2.367255]]],[[[100.947276,1.825385],[100.799978,2.20893],[101.050304,2.29149],[101.317149,2.024604],[101.427013,1.709296],[101.749197,1.661526],[102.118175,1.386542],[102.208507,1.024075],[102.425059,0.804267],[102.953787,0.675849],[103.074718,0.442328],[102.581879,0.181098],[102.430431,0.246324],[102.545746,0.169135],[103.362153,0.536282],[103.743419,0.27733],[103.801768,-0.007257],[103.576996,-0.013971],[103.270518,-0.257582],[103.489268,-0.211521],[103.345551,-0.366876],[103.598399,-0.436782],[103.372895,-0.449395],[103.345551,-0.695896],[103.828868,-1.073419],[103.955821,-0.976983],[104.377208,-1.031671],[104.497081,-1.935968],[104.564464,-1.85768],[104.588878,-2.019464],[104.814626,-2.008396],[104.882823,-2.125665],[104.606212,-2.402114],[104.709646,-2.370864],[104.713145,-2.557794],[104.531098,-2.772638],[104.883311,-2.284926],[104.928966,-2.37477],[105.62379,-2.401788],[105.809581,-2.899021],[106.028494,-2.982843],[106.073009,-3.255548],[105.819591,-3.67254],[105.952485,-3.833754],[105.812755,-4.238702],[105.909679,-4.943129],[105.729747,-5.896661],[105.279633,-5.444268],[105.163259,-5.786065],[104.551443,-5.508477],[104.716075,-5.921075],[104.56129,-5.928318],[103.891124,-5.104181],[103.414561,-4.869317],[102.312511,-3.991469],[102.222179,-3.642836],[101.611339,-3.224542],[100.923106,-2.333429],[100.857595,-1.89186],[100.569184,-1.330824],[100.406016,-1.264418],[100.301443,-0.816339],[99.823985,-0.313409],[99.747244,-0.02984],[99.13795,0.263088],[98.709646,1.564114],[98.822602,1.630439],[98.773936,1.748603],[97.955903,2.271715],[97.744395,2.281073],[97.602712,2.866197],[97.40504,2.943345],[96.883556,3.68244],[96.479503,3.778713],[95.42628,4.827338],[95.198985,5.292873],[95.197276,5.546373],[95.431895,5.65469],[96.362153,5.225491],[96.973399,5.273424],[97.226553,5.146221],[97.526215,5.242255],[97.90919,4.889594],[97.996837,4.546454],[98.275564,4.42536],[98.178966,4.108222],[98.263031,4.177314],[98.796582,3.725443],[99.750743,3.180487],[99.979503,2.948472],[100.007986,2.602607],[100.054942,2.727281],[100.125824,2.530097],[100.210623,2.706244],[100.434337,2.273342],[100.947276,1.825385]]],[[[120.792491,-9.96087],[120.72462,-10.196873],[120.449962,-10.310317],[120.15561,-10.220961],[119.634451,-9.769138],[119.096853,-9.717543],[118.935395,-9.553399],[119.168712,-9.385512],[119.958751,-9.29046],[120.271169,-9.642511],[120.478282,-9.641046],[120.792491,-9.96087]]],[[[115.550141,-8.666192],[115.588878,-8.807306],[115.468272,-8.731866],[115.550141,-8.666192]]],[[[119.722992,-8.621189],[119.698253,-8.801528],[119.615245,-8.77752],[119.634451,-8.596612],[119.722992,-8.621189]]],[[[119.559255,-8.518162],[119.381114,-8.740655],[119.415294,-8.443292],[119.559255,-8.518162]]],[[[123.348643,-8.268813],[123.289317,-8.404474],[123.019542,-8.391778],[123.156505,-8.243585],[123.348643,-8.268813]]],[[[116.633311,-8.275079],[116.743175,-8.391778],[116.500438,-8.802688],[116.565369,-8.895583],[116.423116,-8.836406],[116.403087,-8.954197],[115.839262,-8.816857],[115.848592,-8.724793],[116.087576,-8.737237],[116.027937,-8.445008],[116.286388,-8.236261],[116.633311,-8.275079]]],[[[119.086436,-8.131524],[119.137462,-8.190606],[119.051524,-8.261407],[119.020274,-8.189711],[119.086436,-8.131524]]],[[[119.203624,-8.610935],[119.151622,-8.742364],[118.701996,-8.748142],[118.908051,-8.850518],[118.414236,-8.853611],[118.414724,-8.58294],[118.157725,-8.867852],[117.388868,-9.053739],[117.009736,-9.107293],[116.728452,-8.963096],[116.838145,-8.507908],[117.195079,-8.357599],[117.43393,-8.481134],[117.558116,-8.40545],[117.592296,-8.514744],[117.623302,-8.438409],[117.805186,-8.719985],[118.281749,-8.641534],[117.71225,-8.240899],[117.917817,-8.08587],[118.149669,-8.134454],[118.312266,-8.37127],[118.46339,-8.249444],[118.647472,-8.288751],[118.667328,-8.547296],[118.753917,-8.32643],[118.972504,-8.302016],[119.052257,-8.645685],[119.203624,-8.610935]]],[[[123.026378,-8.288751],[122.803559,-8.437921],[122.807384,-8.610935],[121.780447,-8.887953],[121.396007,-8.794122],[121.340587,-8.918064],[120.994884,-8.940525],[120.833181,-8.81699],[120.165294,-8.76865],[119.9074,-8.871677],[119.805675,-8.740655],[119.867198,-8.412856],[120.422048,-8.227309],[120.976085,-8.337498],[121.50172,-8.601821],[121.625499,-8.467462],[122.019054,-8.425958],[122.288422,-8.633884],[122.88087,-8.28574],[122.94044,-8.193129],[122.740408,-8.222426],[122.862559,-8.069757],[123.026378,-8.288751]]],[[[115.619151,-8.288751],[115.700938,-8.419122],[115.134532,-8.850763],[115.156098,-8.662042],[114.604503,-8.386489],[114.447927,-8.12184],[114.857595,-8.193129],[115.193126,-8.055108],[115.619151,-8.288751]]],[[[109.019298,-7.758071],[108.815278,-7.737726],[108.797048,-7.701593],[108.821544,-7.678643],[109.019298,-7.758071]]],[[[115.570649,-6.904555],[115.293305,-7.007582],[115.214366,-6.928155],[115.275727,-6.835382],[115.570649,-6.904555]]],[[[112.700694,-5.726007],[112.731456,-5.828383],[112.604259,-5.847426],[112.700694,-5.726007]]],[[[102.406505,-5.403741],[102.283539,-5.499282],[102.098643,-5.334893],[102.406505,-5.403741]]],[[[115.845876,-4.764093],[115.84669,-4.76865],[115.849132,-4.774672],[115.853038,-4.779474],[115.858084,-4.779962],[115.806814,-4.821873],[115.786388,-4.827813],[115.773448,-4.815118],[115.795258,-4.78631],[115.851817,-4.739028],[115.851817,-4.745538],[115.847016,-4.757745],[115.845876,-4.764093]]],[[[116.399262,-3.392755],[116.434418,-3.409763],[116.385997,-3.639581],[116.324718,-3.532973],[116.399262,-3.392755]]],[[[116.303722,-3.718032],[116.306488,-3.904474],[116.091482,-4.066827],[116.013031,-3.650486],[116.267833,-3.218845],[116.303722,-3.718032]]],[[[100.508474,-3.122166],[100.528819,-3.183526],[100.493663,-3.160252],[100.508474,-3.122166]]],[[[100.398611,-3.183526],[100.478282,-3.315199],[100.378673,-3.272393],[100.189464,-2.966567],[100.227306,-2.772638],[100.46754,-3.015313],[100.398611,-3.183526]]],[[[100.206798,-2.693536],[100.015636,-2.834161],[99.97462,-2.49391],[100.206798,-2.693536]]],[[[99.823253,-2.292901],[99.846202,-2.38006],[99.603526,-2.265558],[99.564952,-2.030857],[99.823253,-2.292901]]],[[[108.964203,-1.573419],[108.858165,-1.663995],[108.793305,-1.580336],[108.964203,-1.573419]]],[[[109.759776,-1.103936],[109.417247,-1.25449],[109.475434,-0.976983],[109.723481,-0.987074],[109.759776,-1.103936]]],[[[99.274425,-1.634942],[99.254893,-1.772068],[99.1185,-1.802341],[98.884776,-1.679376],[98.593761,-1.198419],[98.658214,-0.963474],[98.898204,-0.915704],[99.274425,-1.634942]]],[[[98.501964,-0.460545],[98.500499,-0.565606],[98.275157,-0.52516],[98.42921,-0.243829],[98.501964,-0.460545]]],[[[98.479991,-0.15838],[98.541515,-0.381117],[98.295665,-0.007257],[98.479991,-0.15838]]],[[[103.29363,0.625434],[103.140473,0.539374],[103.17921,0.695502],[103.29363,0.625434]]],[[[103.518728,0.818427],[103.523448,0.777818],[103.421235,0.873236],[103.518728,0.818427]]],[[[103.818614,0.886217],[103.898204,0.853339],[103.941417,0.775702],[103.818614,0.886217]]],[[[103.489024,0.777045],[103.415701,0.657375],[103.357432,0.872463],[103.489024,0.777045]]],[[[103.801768,0.852729],[103.832286,0.765367],[103.730479,0.847561],[103.743419,0.893744],[103.801768,0.852729]]],[[[103.942149,0.99608],[103.966645,0.947211],[103.921641,0.934638],[103.838878,1.002997],[103.880056,1.03148],[103.942149,0.99608]]],[[[104.798595,1.03148],[104.843516,1.018215],[104.832774,0.955146],[104.798595,1.03148]]],[[[107.562022,1.037177],[107.601573,1.009833],[107.559581,0.97016],[107.529552,1.018052],[107.562022,1.037177]]],[[[103.443126,1.012763],[103.340831,1.019517],[103.333832,1.111396],[103.389822,1.130276],[103.443126,1.012763]]],[[[103.048676,0.797024],[103.007335,0.693834],[102.516368,0.791327],[102.406505,0.873236],[102.467621,1.106431],[103.048676,0.797024]]],[[[103.126475,0.927883],[103.086274,0.84101],[102.624766,1.021959],[102.801768,1.163275],[103.126475,0.927883]]],[[[104.146332,1.160468],[104.092296,0.989936],[103.906749,1.071682],[104.146332,1.160468]]],[[[104.654552,1.096381],[104.567068,0.829535],[104.421072,0.95661],[104.485199,1.033677],[104.271007,1.003607],[104.231944,1.093329],[104.575694,1.225409],[104.654552,1.096381]]],[[[102.473399,1.242011],[102.468028,0.972561],[102.369314,0.935207],[102.232921,1.099514],[102.210623,1.398261],[102.473399,1.242011]]],[[[102.49586,1.363593],[102.47877,1.270738],[102.007823,1.615383],[102.462657,1.515448],[102.49586,1.363593]]],[[[98.555186,1.682034],[98.581065,1.626776],[98.431651,1.661526],[98.462657,1.709296],[98.521007,1.655585],[98.555186,1.682034]]],[[[97.151134,2.058092],[97.102306,2.016059],[97.069021,2.087144],[97.120128,2.113349],[97.151134,2.058092]]],[[[101.721202,2.058092],[101.715099,1.778225],[101.490733,1.736762],[101.418142,2.04442],[101.721202,2.058092]]],[[[96.644054,2.127021],[96.671723,2.101996],[96.622895,2.070624],[96.613292,2.119127],[96.644054,2.127021]]],[[[97.328624,2.147528],[97.321788,2.03144],[97.102794,2.212714],[97.328624,2.147528]]],[[[118.59962,2.24433],[118.654307,2.182278],[118.556895,2.285956],[118.578461,2.318793],[118.622569,2.286119],[118.57488,2.294176],[118.59962,2.24433]]],[[[109.108653,2.531684],[109.026703,2.485826],[109.023285,2.527818],[108.96811,2.543647],[109.108653,2.531684]]],[[[106.243175,2.760484],[106.243419,2.745429],[106.241547,2.738023],[106.237804,2.732856],[106.232432,2.741767],[106.219493,2.758368],[106.212657,2.78148],[106.204356,2.796129],[106.198985,2.809516],[106.203298,2.819078],[106.216319,2.822455],[106.226248,2.817043],[106.233165,2.806301],[106.237804,2.793769],[106.243175,2.760484]]],[[[96.479503,2.414984],[96.334972,2.355455],[95.790538,2.654608],[95.699555,2.831773],[95.911876,2.906236],[96.479503,2.414984]]],[[[108.842459,2.973619],[108.855724,3.003363],[108.898611,2.982856],[108.889659,2.888007],[108.842459,2.846381],[108.775157,2.895087],[108.842459,2.973619]]],[[[107.80714,3.014879],[107.811209,2.986802],[107.745128,2.983547],[107.80714,3.014879]]],[[[105.802013,2.99726],[105.712657,2.843166],[105.688731,3.059963],[105.802013,2.99726]]],[[[106.285167,3.179104],[106.279063,3.087226],[106.205821,3.205715],[106.285167,3.179104]]],[[[117.503591,3.333645],[117.527517,3.290839],[117.417003,3.288723],[117.43336,3.336412],[117.503591,3.333645]]],[[[106.270844,3.360989],[106.297374,3.358303],[106.279063,3.230618],[106.230479,3.257961],[106.270844,3.360989]]],[[[117.625255,3.43769],[117.648448,3.246039],[117.531261,3.403144],[117.625255,3.43769]]],[[[117.893891,3.497504],[117.891287,3.455634],[117.826182,3.494086],[117.784923,3.581977],[117.847911,3.575426],[117.893891,3.497504]]],[[[117.517263,3.477037],[117.270763,3.50019],[117.218028,3.560289],[117.268403,3.592922],[117.393728,3.566392],[117.517263,3.477037]]],[[[117.846202,3.79914],[117.729503,3.868069],[117.807384,3.856147],[117.846202,3.79914]]],[[[117.698741,4.111314],[117.665294,3.983059],[117.594493,4.06387],[117.698741,4.111314]]],[[[108.396169,3.874823],[108.183849,3.648342],[108.094493,3.696194],[108.26238,3.792304],[107.98463,4.01203],[108.224864,4.244818],[108.396169,3.874823]]],[[[108.005138,4.772366],[107.993419,4.691311],[107.937348,4.691392],[108.005138,4.772366]]],[[[95.177419,5.628363],[95.156261,5.594794],[95.109141,5.622016],[95.141775,5.66413],[95.177419,5.628363]]],[[[95.115245,5.711493],[95.122081,5.669257],[95.06072,5.656236],[95.06072,5.732001],[95.014659,5.744615],[95.058279,5.75731],[95.115245,5.711493]]],[[[95.341807,5.89643],[95.33839,5.779202],[95.213552,5.902533],[95.341807,5.89643]]],[[[123.390147,-10.591485],[123.209158,-10.813084],[122.820974,-10.893243],[122.812511,-10.778416],[123.386485,-10.433038],[123.390147,-10.591485]]],[[[121.940196,-10.430108],[121.997895,-10.508966],[121.881847,-10.598321],[121.690115,-10.564223],[121.940196,-10.430108]]],[[[123.465831,-10.149835],[123.506114,-10.186782],[123.446625,-10.239679],[123.396251,-10.227797],[123.413422,-10.332615],[123.367035,-10.301202],[123.321788,-10.338962],[123.319998,-10.267755],[123.389415,-10.175226],[123.465831,-10.149835]]],[[[123.927989,-8.227309],[123.583018,-8.565525],[123.227306,-8.526056],[123.485688,-8.350763],[123.414236,-8.267185],[123.567638,-8.247735],[123.589122,-8.37363],[123.641612,-8.223077],[123.927989,-8.227309]]],[[[124.308116,-8.220473],[124.149587,-8.539321],[123.907237,-8.454848],[124.308116,-8.220473]]],[[[138.897309,-8.337172],[138.548025,-8.347101],[138.78533,-8.158949],[138.897309,-8.337172]]],[[[125.134044,-8.217055],[125.123302,-8.352309],[124.333507,-8.413018],[124.547618,-8.230727],[124.392426,-8.265232],[124.475271,-8.132582],[125.134044,-8.217055]]],[[[128.090587,-8.131036],[128.025645,-8.261407],[127.761567,-8.117446],[128.090587,-8.131036]]],[[[131.109386,-8.131036],[130.763357,-8.350763],[130.926443,-8.132501],[131.109386,-8.131036]]],[[[129.841156,-7.877862],[129.776378,-8.055352],[129.585216,-7.902032],[129.632498,-7.795994],[129.841156,-7.877862]]],[[[126.836762,-7.726332],[126.466156,-7.966567],[126.053966,-7.884698],[125.774181,-8.007582],[125.968923,-7.660089],[126.32838,-7.695733],[126.626964,-7.559991],[126.836762,-7.726332]]],[[[127.470225,-7.527765],[127.357677,-7.655694],[127.372732,-7.506117],[127.470225,-7.527765]]],[[[138.938975,-7.542087],[139.075531,-7.576267],[138.904145,-8.07586],[138.375987,-8.409601],[137.638194,-8.425877],[138.088634,-7.559828],[138.717052,-7.359552],[138.938975,-7.542087]]],[[[131.698578,-7.226739],[131.633067,-7.62005],[131.316742,-8.017999],[131.283458,-7.93613],[131.116222,-8.000746],[131.241547,-7.487726],[131.568614,-7.130955],[131.704112,-7.131524],[131.698578,-7.226739]]],[[[131.982188,-7.188897],[131.965587,-7.254653],[131.87794,-7.164483],[131.732188,-7.141209],[131.757009,-7.11004],[131.918468,-7.103611],[131.982188,-7.188897]]],[[[128.669688,-7.137384],[128.638682,-7.219903],[128.528819,-7.130548],[128.669688,-7.137384]]],[[[114.045665,-6.914646],[114.124801,-6.98161],[113.513425,-7.247782],[112.72641,-7.158787],[112.692638,-7.058526],[112.915294,-6.891697],[114.045665,-6.914646]]],[[[105.264171,-6.527927],[105.203868,-6.673272],[105.120128,-6.630955],[105.264171,-6.527927]]],[[[134.484386,-6.575616],[134.31072,-6.85947],[134.185069,-6.918634],[134.073416,-6.826755],[134.10377,-6.474867],[134.209972,-6.50742],[134.102712,-6.180108],[134.484386,-6.575616]]],[[[120.546153,-5.938165],[120.481293,-6.477309],[120.448253,-5.843927],[120.488617,-5.767267],[120.546153,-5.938165]]],[[[104.832774,-5.760024],[104.83839,-5.820408],[104.770356,-5.752048],[104.832774,-5.760024]]],[[[132.802013,-5.787367],[132.691905,-5.928806],[132.619802,-5.60296],[132.802013,-5.787367]]],[[[134.758067,-6.157892],[134.607758,-6.369561],[134.276622,-6.119317],[134.378266,-5.793715],[134.201996,-5.712498],[134.351817,-5.714451],[134.508311,-5.429376],[134.758067,-5.671319],[134.736095,-5.969496],[134.601085,-5.951837],[134.758067,-6.157892]]],[[[133.184337,-5.310317],[133.113292,-5.595636],[132.975434,-5.728692],[132.956798,-5.862481],[132.842296,-5.99684],[132.928884,-5.698012],[132.964122,-5.64072],[133.00408,-5.647149],[133.110118,-5.310968],[133.184337,-5.310317]]],[[[122.067393,-5.21502],[121.968272,-5.46795],[121.806814,-5.259861],[121.853852,-5.102146],[121.977306,-5.070489],[122.067393,-5.21502]]],[[[131.733084,-4.693048],[131.750173,-4.710545],[131.754405,-4.736505],[131.748709,-4.759047],[131.736501,-4.76629],[131.729015,-4.754653],[131.725108,-4.731703],[131.726085,-4.707778],[131.733084,-4.693048]]],[[[122.78004,-4.916599],[122.604259,-5.159926],[122.598399,-5.420099],[122.511485,-5.286716],[122.468598,-5.396417],[122.45102,-5.315037],[122.279633,-5.369724],[122.38266,-4.745864],[122.711111,-4.615492],[122.78004,-4.916599]]],[[[131.606212,-4.430434],[131.613536,-4.425226],[131.619802,-4.424493],[131.62615,-4.426853],[131.633474,-4.430434],[131.649425,-4.452407],[131.670746,-4.490167],[131.680431,-4.524021],[131.660899,-4.534275],[131.65504,-4.525649],[131.616466,-4.441583],[131.606212,-4.430434]]],[[[123.149913,-5.22503],[123.213145,-5.30169],[122.876231,-5.458429],[122.813487,-5.687921],[122.654307,-5.678481],[122.567149,-5.506931],[122.814708,-5.211358],[122.854991,-4.609552],[123.041352,-4.384373],[123.219737,-4.816664],[123.052094,-4.74033],[122.94988,-5.190199],[123.149913,-5.22503]]],[[[133.55836,-4.232029],[133.627696,-4.300226],[133.535167,-4.238702],[133.46046,-4.244073],[133.331391,-4.165216],[133.324229,-4.108331],[133.55836,-4.232029]]],[[[131.365977,-4.122166],[131.385427,-4.156183],[131.305024,-4.11533],[131.281505,-4.070001],[131.365977,-4.122166]]],[[[131.235037,-3.987563],[131.239594,-4.047052],[131.209158,-3.978936],[131.235037,-3.987563]]],[[[123.204438,-3.992934],[123.1963,-4.187677],[123.04477,-4.209649],[122.950694,-4.047052],[123.204438,-3.992934]]],[[[131.444835,-4.036716],[131.442393,-4.065118],[131.400645,-4.047052],[131.36964,-3.962172],[131.416026,-3.958591],[131.444835,-4.036716]]],[[[128.796235,-3.642836],[128.810557,-3.676446],[128.761729,-3.69964],[128.746349,-3.659763],[128.796235,-3.642836]]],[[[123.177257,-3.573989],[123.119884,-3.629164],[123.061046,-3.570896],[123.140636,-3.539158],[123.177257,-3.573989]]],[[[128.528819,-3.532973],[128.563813,-3.591892],[128.392914,-3.642836],[128.427094,-3.522719],[128.528819,-3.532973]]],[[[128.330821,-3.511895],[128.236501,-3.722263],[128.097423,-3.773207],[128.202891,-3.639337],[127.933442,-3.763442],[127.984141,-3.620538],[128.330821,-3.511895]]],[[[128.720551,-3.525567],[128.636241,-3.622817],[128.561046,-3.493748],[128.720551,-3.525567]]],[[[127.240896,-3.470961],[127.20574,-3.659601],[126.696573,-3.863792],[126.203021,-3.630994],[125.991742,-3.248191],[126.090921,-3.112098],[126.202001,-3.181842],[126.840017,-3.073663],[127.093516,-3.200779],[127.054535,-3.323012],[127.259776,-3.371189],[127.240896,-3.470961]]],[[[106.908946,-2.929783],[106.861176,-3.028985],[106.722667,-2.966078],[106.908946,-2.929783]]],[[[107.099232,-2.859058],[107.083751,-2.909845],[107.017076,-2.880206],[107.064626,-2.822524],[107.099232,-2.859058]]],[[[107.39503,-2.86891],[107.504731,-2.854669],[107.410147,-2.947565],[107.39503,-2.86891]]],[[[130.87322,-3.573989],[130.817882,-3.868829],[129.890473,-3.333103],[129.509613,-3.302504],[129.485606,-3.463474],[128.960785,-3.355564],[128.877452,-3.202569],[128.677582,-3.432306],[128.484141,-3.462498],[128.165782,-3.06699],[127.926036,-3.553481],[127.842296,-3.173272],[128.103689,-3.06699],[128.175466,-2.857029],[129.052908,-2.804457],[129.177094,-2.957696],[129.541026,-2.780043],[129.964854,-2.973565],[130.389334,-2.993829],[130.87322,-3.573989]]],[[[131.599376,-2.634861],[131.625987,-2.619561],[131.639903,-2.613702],[131.654633,-2.613214],[131.644054,-2.628676],[131.622569,-2.64365],[131.598155,-2.653904],[131.578868,-2.65602],[131.57252,-2.651056],[131.579356,-2.644627],[131.599376,-2.634861]]],[[[108.293712,-2.848403],[108.073985,-3.226007],[107.870453,-3.05169],[107.602794,-3.228858],[107.54713,-2.916681],[107.670258,-2.561456],[108.097911,-2.608168],[108.293712,-2.848403]]],[[[134.581228,-2.416436],[134.549653,-2.451349],[134.521495,-2.406671],[134.566905,-2.292901],[134.581228,-2.416436]]],[[[134.38502,-2.003595],[134.42628,-2.039727],[134.359874,-2.153253],[134.333263,-2.083266],[134.38502,-2.003595]]],[[[126.069102,-2.384454],[126.013438,-2.459568],[125.904552,-2.231378],[125.93336,-1.964532],[126.069102,-2.384454]]],[[[123.857432,-1.950372],[123.869314,-1.998142],[123.7942,-1.99212],[123.787364,-1.873956],[123.857432,-1.950372]]],[[[126.329112,-1.819268],[125.43214,-1.94964],[125.335297,-1.850681],[126.329112,-1.819268]]],[[[123.132823,-1.765313],[123.152843,-1.823826],[123.072765,-1.901625],[123.094574,-1.75506],[123.132823,-1.765313]]],[[[134.23585,-1.738539],[134.175141,-1.943455],[134.168956,-1.829848],[134.23585,-1.738539]]],[[[130.386485,-1.888279],[130.43686,-1.976332],[130.126475,-2.06699],[129.714854,-1.881443],[130.342947,-1.67669],[130.386485,-1.888279]]],[[[125.314789,-1.778985],[125.31837,-1.882582],[124.543224,-2.006524],[124.329112,-1.870782],[124.384939,-1.667901],[124.518077,-1.626235],[125.314789,-1.778985]]],[[[136.848481,-1.765313],[136.266368,-1.909356],[135.422211,-1.610772],[136.848481,-1.765313]]],[[[106.769054,-2.560317],[106.60377,-2.910252],[106.751964,-3.073663],[106.532237,-3.105645],[106.436046,-2.970636],[105.986501,-2.821222],[105.780447,-2.150811],[105.565766,-2.06699],[105.306407,-2.135024],[105.135916,-1.965509],[105.565766,-1.531915],[105.812755,-1.792657],[105.695567,-1.531915],[105.913748,-1.494236],[106.179454,-1.888279],[106.318858,-2.431329],[106.769054,-2.560317]]],[[[135.285655,-1.476739],[135.333995,-1.484145],[135.275401,-1.522231],[135.096853,-1.508559],[135.10906,-1.47381],[135.285655,-1.476739]]],[[[128.145193,-1.594008],[128.051524,-1.714532],[127.532725,-1.731378],[127.378673,-1.632257],[127.428396,-1.415134],[127.634288,-1.328709],[128.145193,-1.594008]]],[[[127.689952,-1.2138],[127.666026,-1.271905],[127.460704,-1.235772],[127.547211,-1.171075],[127.689952,-1.2138]]],[[[123.503103,-1.264418],[123.528575,-1.433038],[123.408376,-1.516534],[123.288585,-1.421563],[123.243337,-1.63242],[123.110688,-1.576918],[123.152354,-1.300551],[122.895844,-1.589532],[122.812022,-1.443617],[122.913829,-1.176365],[123.189464,-1.145278],[123.231944,-1.394708],[123.352224,-1.229181],[123.503103,-1.264418]]],[[[129.954438,-1.162693],[129.859223,-1.233168],[129.874197,-1.196954],[129.743907,-1.199884],[129.858653,-1.142022],[129.954438,-1.162693]]],[[[134.99822,-1.01865],[134.925792,-1.135512],[134.800059,-1.027765],[134.877778,-0.93613],[134.927989,-1.072035],[134.99822,-1.01865]]],[[[131.057384,-1.000665],[130.961925,-1.353774],[130.758067,-1.238214],[130.64975,-0.97381],[130.891856,-0.889907],[131.057384,-1.000665]]],[[[130.917247,-0.778416],[130.400157,-0.929295],[130.478526,-0.7999],[130.917247,-0.778416]]],[[[136.375662,-1.093683],[136.160655,-1.22088],[135.88502,-1.183038],[135.765391,-0.839288],[135.458669,-0.792739],[135.370372,-0.635919],[135.869314,-0.70379],[136.1963,-1.066583],[136.375662,-1.093683]]],[[[127.296153,-0.743748],[127.155528,-0.772393],[127.200857,-0.622817],[127.296153,-0.743748]]],[[[130.677582,-0.435805],[130.641124,-0.52752],[130.571544,-0.531996],[130.596853,-0.464532],[130.461681,-0.52516],[130.496349,-0.490411],[130.454845,-0.4638],[130.505056,-0.441339],[130.535167,-0.468927],[130.625011,-0.409601],[130.677582,-0.435805]]],[[[121.853852,-0.401056],[121.894786,-0.507908],[121.642263,-0.545587],[121.853852,-0.401056]]],[[[104.548513,-0.398045],[104.511241,-0.613946],[104.356293,-0.661716],[104.284028,-0.401056],[104.548513,-0.398045]]],[[[122.029552,-0.332127],[122.054047,-0.355157],[122.026622,-0.406915],[121.86085,-0.377862],[121.926524,-0.31227],[122.029552,-0.332127]]],[[[127.888927,-0.764744],[127.754893,-0.887628],[127.625743,-0.752374],[127.457693,-0.815606],[127.316661,-0.339614],[127.4463,-0.415297],[127.578624,-0.324965],[127.687999,-0.480645],[127.65268,-0.707208],[127.888927,-0.764744]]],[[[127.23463,-0.490411],[127.108572,-0.501072],[127.174815,-0.255548],[127.29713,-0.281915],[127.23463,-0.490411]]],[[[103.712738,-0.269708],[103.756521,-0.346449],[103.461681,-0.366876],[103.557872,-0.223403],[103.712738,-0.269708]]],[[[122.217621,-0.247166],[122.144379,-0.233005],[122.177094,-0.196384],[122.217621,-0.247166]]],[[[122.369151,-0.263849],[122.375987,-0.346449],[122.321544,-0.257908],[122.225841,-0.199395],[122.369151,-0.263849]]],[[[121.574555,-0.18255],[121.597423,-0.124688],[121.649669,-0.147393],[121.624522,-0.198419],[121.574555,-0.18255]]],[[[131.297618,-0.237237],[131.25294,-0.384373],[130.979015,-0.36004],[130.625255,-0.084975],[130.948253,-0.366876],[130.756033,-0.445977],[130.688243,-0.291192],[130.547374,-0.43613],[130.523692,-0.257582],[130.217052,-0.20086],[130.424083,-0.199314],[130.29713,-0.165216],[130.338145,-0.079522],[130.824718,-0.003839],[131.297618,-0.237237]]],[[[104.928966,-0.237237],[105.011485,-0.281508],[104.935232,-0.332127],[104.435557,-0.192153],[104.564626,0.030341],[104.928966,-0.237237]]],[[[129.536876,-0.13421],[129.571544,-0.192153],[129.516775,-0.208754],[129.293468,0.047675],[129.536876,-0.13421]]],[[[127.459972,-0.003839],[127.452891,-0.04103],[127.398611,0.003079],[127.408865,0.14704],[127.452485,0.140204],[127.459972,-0.003839]]],[[[104.497081,0.071275],[104.476573,0.023505],[104.411388,0.091702],[104.41391,0.175849],[104.497081,0.071275]]],[[[104.688731,0.071275],[104.68393,0.036282],[104.606212,0.091783],[104.490245,0.242621],[104.688731,0.071275]]],[[[104.405528,0.338813],[104.405121,0.292141],[104.339366,0.365465],[104.405528,0.338813]]],[[[127.398692,0.379584],[127.417166,0.312934],[127.358165,0.283515],[127.337087,0.348782],[127.398692,0.379584]]],[[[104.215831,0.708157],[104.241466,0.69538],[104.270518,0.675035],[104.287608,0.650784],[104.277354,0.626166],[104.266449,0.633002],[104.260265,0.643378],[104.249848,0.667182],[104.222016,0.696031],[104.215831,0.708157]]],[[[127.378673,0.623033],[127.384939,0.757148],[127.418468,0.757148],[127.4463,0.667182],[127.378673,0.623033]]],[[[104.284028,0.708157],[104.205577,0.72606],[104.195811,0.779975],[104.27296,0.796536],[104.284028,0.708157]]],[[[127.371104,0.784491],[127.312836,0.757148],[127.288829,0.8369],[127.363455,0.840969],[127.371104,0.784491]]],[[[104.226085,0.880072],[104.176443,0.798489],[104.099132,0.94892],[104.226085,0.880072]]],[[[97.928477,0.99608],[97.874278,0.622016],[97.704112,0.57274],[97.61378,0.823554],[97.395356,0.944892],[97.06365,1.415229],[97.416759,1.519232],[97.928477,0.99608]]],[[[125.295095,1.551663],[125.2671,1.413804],[125.185313,1.390692],[125.295095,1.551663]]],[[[127.666026,-0.209242],[127.715587,0.312567],[127.526866,0.560614],[127.624522,0.832221],[127.404145,1.042792],[127.398611,1.209052],[127.629731,1.835395],[128.047374,2.203843],[127.846446,1.851467],[128.014903,1.719224],[128.014903,1.305243],[127.627615,0.937405],[127.851736,0.811754],[127.993907,1.082994],[128.179454,1.154446],[128.092052,1.25727],[128.2046,1.38996],[128.719493,1.570624],[128.701182,1.070868],[128.213552,0.773912],[128.680837,0.554511],[128.690115,0.346991],[128.899587,0.20779],[128.461111,0.394843],[127.910492,0.43769],[127.980724,-0.263849],[128.440684,-0.908787],[128.032237,-0.699314],[127.666026,-0.209242]]],[[[125.43214,2.387681],[125.452647,2.333075],[125.392345,2.32567],[125.369477,2.374091],[125.43214,2.387681]]],[[[128.686371,2.483954],[128.566661,2.109931],[128.269054,1.995347],[128.197113,2.266181],[128.321137,2.458645],[128.566417,2.633612],[128.686371,2.483954]]],[[[125.443614,2.793036],[125.401866,2.699937],[125.421072,2.633938],[125.392589,2.628892],[125.360118,2.753323],[125.401622,2.810207],[125.443614,2.793036]]],[[[125.652517,3.469631],[125.507335,3.463324],[125.442068,3.736558],[125.652517,3.469631]]],[[[126.743993,3.853385],[126.856057,3.758195],[126.81153,3.731862],[126.743993,3.853385]]],[[[126.656547,3.981478],[126.712629,3.920714],[126.696089,3.812256],[126.620096,3.991324],[126.615108,4.043915],[126.656547,3.981478]]],[[[126.870709,4.331393],[126.798438,4.017644],[126.67642,4.004483],[126.803207,4.222968],[126.7107,4.264137],[126.733735,4.535875],[126.875011,4.49433],[126.870709,4.331393]]],[[[122.36085,-8.432875],[122.410167,-8.443943],[122.40919,-8.486749],[122.352224,-8.480157],[122.36085,-8.432875]]],[[[121.710297,-8.288751],[121.745291,-8.3117],[121.708995,-8.35475],[121.676117,-8.309259],[121.710297,-8.288751]]],[[[121.779796,-7.343438],[121.818207,-7.333591],[121.834809,-7.388279],[121.759044,-7.415785],[121.779796,-7.343438]]],[[[114.593761,-7.130548],[114.618826,-7.16725],[114.495372,-7.154718],[114.593761,-7.130548]]],[[[114.369255,-7.089583],[114.378266,-7.178155],[114.269762,-7.080835],[114.369255,-7.089583]]],[[[123.365733,-1.67311],[123.378184,-1.712823],[123.280284,-1.785821],[123.365733,-1.67311]]],[[[122.139415,-0.38421],[122.070567,-0.398045],[122.076671,-0.269138],[122.139415,-0.38421]]],[[[130.066661,-7.762628],[130.080333,-7.787367],[130.025645,-7.772556],[130.066661,-7.762628]]],[[[130.007823,-7.724867],[130.015391,-7.744073],[130.008474,-7.750421],[129.997244,-7.748224],[129.994151,-7.744399],[129.992686,-7.738539],[129.983165,-7.732354],[129.979747,-7.722101],[129.978852,-7.71266],[129.982595,-7.704848],[129.991954,-7.702081],[130.000987,-7.70672],[130.00587,-7.714044],[130.007823,-7.724867]]],[[[129.675141,-7.571547],[129.658539,-7.535089],[129.713878,-7.558201],[129.675141,-7.571547]]],[[[129.125011,-6.993259],[129.116222,-6.983331],[129.117442,-6.972752],[129.125011,-6.965753],[129.134288,-6.961114],[129.144786,-6.962091],[129.152843,-6.97617],[129.150401,-6.991469],[129.142589,-6.997491],[129.135427,-6.998142],[129.125011,-6.993259]]],[[[129.484548,-6.755304],[129.529063,-6.723077],[129.511567,-6.769708],[129.484548,-6.755304]]],[[[130.013682,-6.328383],[130.006114,-6.324884],[129.998709,-6.317153],[129.997813,-6.309747],[130.003754,-6.306248],[130.020763,-6.312433],[130.026052,-6.318455],[130.021658,-6.324965],[130.013682,-6.328383]]],[[[127.55128,-5.512384],[127.555186,-5.506606],[127.561371,-5.517267],[127.55128,-5.512384]]],[[[127.554861,-5.490492],[127.556977,-5.49977],[127.545909,-5.495294],[127.554861,-5.490492]]],[[[127.79005,-5.409601],[127.798513,-5.40016],[127.803396,-5.407647],[127.79005,-5.409601]]],[[[127.776866,-5.34881],[127.779063,-5.342869],[127.785167,-5.35296],[127.776866,-5.34881]]],[[[131.986501,-5.317641],[132.016287,-5.330824],[131.965587,-5.388767],[131.986501,-5.317641]]],[[[129.757823,-4.522556],[129.762706,-4.518813],[129.778331,-4.524509],[129.770274,-4.539321],[129.757823,-4.522556]]],[[[134.310313,0.756496],[134.326834,0.766181],[134.342947,0.765204],[134.346934,0.752021],[134.338634,0.737535],[134.32252,0.730536],[134.304861,0.732896],[134.300466,0.743476],[134.310313,0.756496]]],[[[131.236339,1.019355],[131.237071,1.02497],[131.244884,1.035346],[131.244151,1.029731],[131.236339,1.019355]]],[[[131.255626,1.068793],[131.26352,1.075914],[131.271169,1.072008],[131.270193,1.060981],[131.265391,1.05272],[131.254893,1.044257],[131.253591,1.052639],[131.255626,1.068793]]],[[[126.394867,1.339342],[126.38087,1.283393],[126.347179,1.32331],[126.394867,1.339342]]],[[[125.393403,2.118232],[125.334239,2.081855],[125.354259,2.129869],[125.393403,2.118232]]],[[[126.591156,5.557115],[126.598643,5.565375],[126.602875,5.564032],[126.599376,5.553616],[126.59547,5.548407],[126.591156,5.557115]]],[[[121.614106,-10.602472],[121.621593,-10.601332],[121.633311,-10.604181],[121.631114,-10.61533],[121.615001,-10.626642],[121.595225,-10.634535],[121.574555,-10.639825],[121.552745,-10.640395],[121.531423,-10.638442],[121.527192,-10.629571],[121.541026,-10.614841],[121.564952,-10.603692],[121.597423,-10.60117],[121.614106,-10.602472]]],[[[115.89088,-7.10711],[115.894298,-7.164483],[115.837738,-7.197198],[115.743012,-7.150323],[115.778168,-7.115492],[115.880219,-7.158461],[115.89088,-7.10711]]],[[[134.727794,-6.504571],[134.729828,-6.546157],[134.674815,-6.563084],[134.62379,-6.486098],[134.684337,-6.457778],[134.727794,-6.504571]]],[[[110.431326,-5.837335],[110.465587,-5.839532],[110.437999,-5.881036],[110.431326,-5.837335]]],[[[134.212738,-5.758722],[134.220388,-5.815606],[134.180512,-5.827325],[134.169688,-5.768324],[134.212738,-5.758722]]],[[[133.591807,-2.461521],[133.605805,-2.488946],[133.562999,-2.512872],[133.490001,-2.431248],[133.591807,-2.461521]]],[[[123.600597,-1.603285],[123.4935,-1.709649],[123.523285,-1.48268],[123.600597,-1.603285]]],[[[128.367361,-0.988377],[128.406749,-1.025974],[128.330333,-1.020196],[128.306163,-0.943292],[128.367361,-0.988377]]],[[[129.902354,-0.408461],[129.864431,-0.49863],[129.848888,-0.432387],[129.902354,-0.408461]]],[[[98.547597,0.159327],[98.805744,0.160916],[98.851685,0.109621],[98.689004,0.070775],[98.53874,0.090335],[98.547597,0.159327]]],[[[104.724864,0.749661],[104.740977,0.748928],[104.754161,0.73725],[104.749034,0.722602],[104.739268,0.716254],[104.731456,0.72248],[104.720714,0.73786],[104.724864,0.749661]]],[[[104.659434,0.845893],[104.662771,0.834215],[104.663259,0.829088],[104.661388,0.820136],[104.656586,0.81387],[104.651541,0.809963],[104.642833,0.80683],[104.630382,0.806545],[104.625499,0.810696],[104.630219,0.816352],[104.635427,0.828559],[104.639171,0.847968],[104.648611,0.857896],[104.659434,0.845893]]],[[[125.172211,1.799221],[125.144705,1.741848],[125.129405,1.828437],[125.172211,1.799221]]],[[[127.130382,4.7744],[127.139171,4.766588],[127.145763,4.752183],[127.135997,4.740383],[127.123057,4.752509],[127.12143,4.7685],[127.124034,4.77204],[127.130382,4.7744]]]]}},{"type":"Feature","properties":{"dashboardCountry":"South Korea"},"geometry":{"type":"MultiPolygon","coordinates":[[[[128.364919,38.624335],[129.430186,37.073065],[129.380859,36.041487],[129.58725,36.016913],[129.4546,35.513251],[129.000402,35.04595],[128.602061,35.213935],[128.65211,35.061347],[128.37143,35.013577],[128.488129,35.051174],[128.435313,34.843166],[128.335053,34.947333],[128.055675,34.931627],[128.069347,35.082465],[127.891205,34.946682],[127.719249,34.990058],[127.575287,34.913642],[127.775645,34.849066],[127.640717,34.617987],[127.521251,34.889838],[127.365326,34.824042],[127.50359,34.591325],[127.349376,34.585842],[127.43922,34.540676],[127.343598,34.445014],[127.124522,34.540676],[127.357921,34.698228],[127.248057,34.766547],[126.89796,34.417711],[126.777843,34.586493],[126.521251,34.294176],[126.539643,34.562974],[126.295258,34.589057],[126.290294,34.75023],[126.46461,34.584662],[126.378613,34.711182],[126.623627,34.62995],[126.364017,34.74916],[126.665294,34.808092],[126.567638,34.901435],[126.513276,34.782294],[126.373546,34.790717],[126.436371,34.981391],[126.315196,34.937893],[126.374115,35.016832],[126.254242,35.12344],[126.425059,35.019761],[126.30893,35.233303],[126.492663,35.525333],[126.692475,35.534369],[126.467559,35.639638],[126.781993,35.76024],[126.70338,35.848456],[126.837494,35.893297],[126.521417,35.97052],[126.870697,36.061957],[126.692475,35.999905],[126.493419,36.130805],[126.603282,36.17182],[126.498779,36.420106],[126.617442,36.473456],[126.497651,36.448391],[126.479584,36.747138],[126.424238,36.606581],[126.343028,36.740383],[126.295258,36.582709],[126.274181,36.719875],[126.128184,36.761298],[126.30893,36.966864],[126.3567,36.788764],[126.353038,36.999986],[126.483897,36.841498],[126.582612,36.898017],[126.500743,37.054999],[126.631114,36.911607],[126.796235,36.955756],[126.850841,36.753974],[127.042003,36.993598],[126.91269,36.929633],[126.82441,37.002616],[126.890473,37.095933],[126.755219,37.048814],[126.864513,37.179104],[126.685639,37.130113],[126.658458,37.254299],[126.870697,37.26789],[126.615087,37.379745],[126.534923,37.768215],[126.755219,37.637885],[126.665787,37.937634],[127.090464,38.285855],[128.039864,38.304278],[128.364919,38.624335]]],[[[126.405414,36.458836],[126.43214,36.407945],[126.36378,36.411363],[126.36378,36.473456],[126.328143,36.471089],[126.341181,36.604134],[126.405414,36.458836]]],[[[126.295258,37.802476],[126.34254,37.792141],[126.318207,37.762274],[126.224457,37.760443],[126.24643,37.811754],[126.295258,37.802476]]],[[[126.946056,33.478013],[126.840587,33.310207],[126.606919,33.24061],[126.27003,33.197577],[126.161143,33.300767],[126.484935,33.520758],[126.946056,33.478013]]],[[[127.173025,34.48371],[127.234223,34.480292],[127.241873,34.445461],[127.117361,34.437567],[127.110525,34.464911],[127.173025,34.48371]]],[[[126.380056,34.49844],[126.209972,34.358791],[126.103282,34.402777],[126.247732,34.574774],[126.380056,34.49844]]],[[[127.782074,34.684556],[127.817231,34.630764],[127.797862,34.579739],[127.73585,34.62523],[127.762543,34.712836],[127.796641,34.714179],[127.782074,34.684556]]],[[[125.989024,34.713324],[125.976899,34.656399],[125.916026,34.687649],[125.989024,34.713324]]],[[[126.007172,34.780951],[125.930024,34.722602],[125.892589,34.73664],[125.912852,34.776923],[126.007172,34.780951]]],[[[126.056,34.913642],[126.089122,34.911322],[126.08074,34.870998],[125.986501,34.862738],[126.056,34.913642]]],[[[128.069591,34.815009],[128.055919,34.698228],[127.8921,34.712714],[127.829356,34.868964],[127.90211,34.940009],[128.069591,34.815009]]],[[[128.748546,34.868964],[128.583995,34.705146],[128.604503,34.835435],[128.488455,34.868964],[128.645518,34.890692],[128.702891,35.032945],[128.748546,34.868964]]],[[[126.110606,35.051174],[126.056,35.061347],[126.069102,35.102362],[126.165212,35.1435],[126.110606,35.051174]]],[[[126.563303,37.514443],[126.583066,37.490384],[126.443413,37.420625],[126.355511,37.466223],[126.51483,37.534347],[126.563303,37.514443]]],[[[130.903575,37.545844],[130.896739,37.463121],[130.811046,37.487006],[130.814301,37.52261],[130.903575,37.545844]]],[[[126.3567,37.695136],[126.380707,37.669176],[126.349864,37.657375],[126.281993,37.699286],[126.319998,37.747219],[126.3567,37.695136]]],[[[126.507823,37.596869],[126.370128,37.631049],[126.407074,37.820705],[126.516368,37.767239],[126.507823,37.596869]]],[[[124.732677,37.980455],[124.728201,37.947008],[124.677989,37.952541],[124.684906,37.919989],[124.613617,37.945054],[124.624034,37.980455],[124.732677,37.980455]]],[[[127.309093,34.020087],[127.314952,34.015774],[127.322113,34.014106],[127.324718,34.010688],[127.323497,34.005764],[127.309337,34.011461],[127.295665,34.014106],[127.293224,34.017239],[127.289806,34.024075],[127.287608,34.032416],[127.283865,34.034613],[127.280772,34.037787],[127.278331,34.044623],[127.279796,34.048651],[127.279307,34.05329],[127.28004,34.05744],[127.283214,34.058295],[127.286876,34.057278],[127.291515,34.058498],[127.2942,34.061103],[127.295665,34.061469],[127.298106,34.057196],[127.294688,34.047919],[127.296397,34.037584],[127.309093,34.020087]]],[[[127.531912,34.450588],[127.49464,34.414252],[127.45338,34.470608],[127.531912,34.450588]]],[[[127.78297,34.506985],[127.70753,34.533881],[127.748057,34.551093],[127.78297,34.506985]]],[[[126.100108,34.596747],[126.099376,34.558661],[126.035167,34.533922],[126.081309,34.580756],[126.060069,34.620795],[126.100108,34.596747]]],[[[126.038097,34.569485],[126.028575,34.565863],[126.020518,34.571438],[126.016612,34.606147],[126.020193,34.625434],[126.028575,34.634223],[126.041352,34.611151],[126.052013,34.598334],[126.060395,34.584296],[126.057628,34.572577],[126.048595,34.570054],[126.038097,34.569485]]],[[[125.445811,34.688463],[125.398774,34.631985],[125.412852,34.691962],[125.445811,34.688463]]],[[[126.174083,34.732815],[126.17213,34.703803],[126.111339,34.717719],[126.069591,34.76968],[126.174083,34.732815]]],[[[126.168712,34.792304],[126.146251,34.761868],[126.09254,34.787584],[126.168712,34.792304]]],[[[126.079438,34.822659],[126.067149,34.850531],[126.152029,34.871161],[126.115896,34.803127],[126.079438,34.822659]]],[[[128.072765,34.84512],[127.963634,34.859768],[128.017833,34.916571],[128.013438,34.869127],[128.045909,34.893622],[128.072765,34.84512]]],[[[126.24643,34.916246],[126.237559,34.913072],[126.225352,34.913398],[126.220388,34.922431],[126.222423,34.931952],[126.230235,34.935452],[126.247325,34.935452],[126.253184,34.933498],[126.253429,34.929185],[126.250173,34.91885],[126.24643,34.916246]]],[[[126.178396,35.048489],[126.180919,35.044013],[126.181895,35.038886],[126.181651,35.02912],[126.177419,35.025946],[126.172374,35.023627],[126.167003,35.025295],[126.158051,35.033433],[126.153982,35.035712],[126.148611,35.033515],[126.143809,35.033922],[126.142345,35.038275],[126.13852,35.039862],[126.133556,35.03974],[126.132172,35.041938],[126.139415,35.046454],[126.136567,35.047756],[126.132091,35.047105],[126.127778,35.048163],[126.129649,35.05268],[126.13738,35.056871],[126.143809,35.057685],[126.152517,35.054389],[126.165294,35.055243],[126.174164,35.053168],[126.178396,35.048489]]],[[[128.842784,35.021877],[128.826671,34.992377],[128.804373,35.056342],[128.842784,35.021877]]],[[[126.258067,35.570624],[126.253673,35.574368],[126.250499,35.580959],[126.252452,35.587307],[126.26295,35.591783],[126.261485,35.593411],[126.256521,35.596015],[126.258962,35.598375],[126.264496,35.600898],[126.26824,35.605211],[126.274262,35.606024],[126.277843,35.607367],[126.276134,35.61286],[126.280447,35.612698],[126.291759,35.611029],[126.299327,35.616034],[126.302989,35.61933],[126.307302,35.616645],[126.309418,35.610663],[126.305675,35.603217],[126.287283,35.590277],[126.274913,35.579047],[126.2671,35.574123],[126.263845,35.571682],[126.258067,35.570624]]],[[[126.099864,37.228013],[126.104747,37.267524],[126.15919,37.23192],[126.099864,37.228013]]],[[[126.48406,37.278998],[126.469493,37.233466],[126.43572,37.23843],[126.48406,37.278998]]],[[[126.613943,37.255194],[126.539317,37.198065],[126.542979,37.28498],[126.613943,37.255194]]],[[[125.688243,37.679267],[125.699229,37.678127],[125.706228,37.672309],[125.703136,37.661444],[125.693614,37.653957],[125.687836,37.65176],[125.684581,37.657294],[125.67921,37.669664],[125.680431,37.67829],[125.688243,37.679267]]],[[[124.716482,37.84691],[124.724457,37.843655],[124.725841,37.837388],[124.721365,37.828437],[124.718272,37.818183],[124.714203,37.809556],[124.706798,37.806342],[124.698985,37.806871],[124.692393,37.804999],[124.687266,37.800767],[124.684581,37.799994],[124.684581,37.802639],[124.684744,37.803941],[124.681488,37.808824],[124.673513,37.817043],[124.676524,37.824897],[124.69337,37.835517],[124.704112,37.844387],[124.709158,37.847561],[124.716482,37.84691]]],[[[125.127696,34.04857],[125.122813,34.051174],[125.103282,34.066067],[125.092133,34.071763],[125.089692,34.079535],[125.094574,34.090074],[125.102224,34.095933],[125.113292,34.092841],[125.122081,34.083808],[125.136404,34.059272],[125.13738,34.051337],[125.134288,34.046861],[125.129893,34.047553],[125.127696,34.04857]]],[[[126.598969,34.168647],[126.507091,34.138861],[126.532888,34.179104],[126.598969,34.168647]]],[[[126.672048,34.153266],[126.638682,34.128119],[126.645274,34.19717],[126.672048,34.153266]]],[[[126.909353,34.197699],[126.913585,34.15766],[126.853201,34.159003],[126.867931,34.207465],[126.909353,34.197699]]],[[[126.612153,34.218166],[126.583832,34.175605],[126.549815,34.19123],[126.559744,34.234524],[126.612153,34.218166]]],[[[126.088715,34.307929],[126.087738,34.29682],[126.089366,34.289618],[126.084646,34.283881],[126.074962,34.282864],[126.069347,34.278998],[126.064952,34.280707],[126.060802,34.286078],[126.057384,34.285956],[126.055675,34.280992],[126.049327,34.280219],[126.028656,34.28734],[126.021658,34.29564],[126.021007,34.301093],[126.025238,34.305854],[126.025727,34.310777],[126.033214,34.314887],[126.067638,34.308905],[126.082042,34.310736],[126.088715,34.307929]]],[[[126.853852,34.308539],[126.757579,34.336127],[126.884532,34.345526],[126.853852,34.308539]]],[[[127.091563,34.344916],[127.038829,34.312893],[126.991466,34.356269],[127.025401,34.381334],[127.091563,34.344916]]],[[[126.763927,34.309231],[126.688975,34.301093],[126.645763,34.385565],[126.709972,34.39289],[126.763927,34.309231]]],[[[126.762462,34.382961],[126.823009,34.439846],[126.861095,34.392768],[126.775727,34.354722],[126.762462,34.382961]]],[[[128.294607,34.639553],[128.29713,34.637315],[128.295665,34.631985],[128.286062,34.622219],[128.281749,34.619859],[128.27532,34.619086],[128.26588,34.620836],[128.258067,34.6199],[128.247406,34.615546],[128.242198,34.611518],[128.236257,34.61046],[128.235281,34.614203],[128.23878,34.620592],[128.237804,34.625759],[128.233409,34.629381],[128.229666,34.630072],[128.225271,34.632839],[128.225678,34.637844],[128.228363,34.642401],[128.22877,34.647854],[128.232758,34.651028],[128.239513,34.652411],[128.271169,34.638495],[128.271251,34.63231],[128.275808,34.631903],[128.294607,34.639553]]],[[[128.38583,34.820125],[128.437997,34.819572],[128.423083,34.763253],[128.334192,34.819132],[128.38583,34.820125]]],[[[128.239919,34.836168],[128.238455,34.796942],[128.205821,34.815619],[128.239919,34.836168]]],[[[126.340668,34.864081],[126.342052,34.822496],[126.230724,34.85456],[126.297374,34.917548],[126.340668,34.864081]]],[[[126.234223,35.047065],[126.158702,35.094224],[126.236013,35.098375],[126.264985,35.034247],[126.234223,35.047065]]],[[[131.861042,37.244006],[131.862522,37.243104],[131.861704,37.241606],[131.860148,37.242399],[131.861042,37.244006]]]]}},{"type":"Feature","properties":{"dashboardCountry":"Bhutan"},"geometry":{"type":"Polygon","coordinates":[[[90.475232,28.072344],[91.051941,27.96279],[91.290169,28.091413],[91.637951,27.939743],[91.59506,27.546382],[92.023598,27.44678],[92.072757,26.887766],[90.717077,26.767049],[90.348831,26.896654],[89.81367,26.696149],[88.851713,26.945437],[88.754355,27.212604],[88.997019,27.330869],[88.978366,27.530283],[89.561489,28.13464],[90.225591,28.358399],[90.587726,28.233298],[90.475232,28.072344]]]}},{"type":"Feature","properties":{"dashboardCountry":"Mongolia"},"geometry":{"type":"Polygon","coordinates":[[[116.684278,49.823265],[115.800404,48.530372],[115.799991,48.242328],[115.51422,48.131637],[115.575715,47.909738],[115.914506,47.683912],[116.243891,47.862894],[116.822047,47.876304],[117.360826,47.650865],[117.766899,47.993144],[118.472799,47.989449],[119.699959,47.159526],[119.896433,46.898586],[119.85442,46.65966],[119.316934,46.611678],[118.846523,46.765493],[118.720071,46.676739],[118.268987,46.722937],[117.797595,46.520262],[117.393795,46.57137],[117.337468,46.357275],[116.568316,46.290871],[116.213195,45.908155],[116.169891,45.709097],[115.667389,45.454281],[114.533711,45.3855],[114.089294,44.961753],[113.604776,44.739699],[112.748497,44.865273],[112.412807,45.066036],[111.958261,45.084536],[111.738533,44.9663],[111.397055,44.387369],[111.933353,43.696636],[110.973412,43.3156],[110.406728,42.768605],[109.485131,42.449296],[108.177355,42.454309],[106.767829,42.286619],[104.97383,41.586145],[104.504918,41.656554],[104.500784,41.870598],[103.691427,41.759235],[103.073481,42.004517],[102.034164,42.18461],[101.524945,42.537456],[100.016975,42.676518],[99.474476,42.564199],[97.193271,42.78726],[96.357767,42.724499],[96.318699,42.910069],[95.874385,43.247103],[95.535284,43.95768],[95.318967,44.017108],[95.397722,44.280502],[94.69823,44.343496],[93.525278,44.951263],[90.873243,45.186184],[90.651138,45.493142],[90.710773,45.752196],[91.002435,46.021843],[90.896188,46.302033],[91.047496,46.566409],[90.885129,46.944733],[90.46872,47.308922],[90.3448,47.658642],[90.082852,47.756104],[90.044612,47.879766],[89.751296,47.824317],[89.5418,48.031023],[89.074697,47.984256],[88.635809,48.175846],[88.50269,48.392551],[87.95182,48.575202],[88.05941,48.708087],[87.735709,48.886733],[87.8726,48.96802],[87.816324,49.165837],[88.143953,49.27074],[88.174752,49.443857],[89.160738,49.502716],[89.216445,49.634491],[89.37194,49.581678],[89.702411,49.719964],[89.667684,49.92729],[90.683901,50.216212],[91.012046,50.425295],[91.415743,50.461365],[91.749779,50.684091],[92.15885,50.689103],[92.360905,50.868369],[92.649776,50.674066],[92.961695,50.777884],[93.104942,50.598825],[94.25867,50.557535],[94.354478,50.223602],[94.603455,50.019739],[95.500661,49.886724],[96.055976,49.99881],[97.343339,49.734175],[97.566582,49.916799],[98.047999,50.023046],[98.262457,50.283805],[98.293462,50.518623],[98.038491,50.622958],[97.80636,51.001126],[98.039731,51.4573],[98.220392,51.475205],[98.33222,51.718317],[98.682689,51.819474],[98.886398,52.128551],[99.917911,51.749478],[100.510898,51.726895],[101.350175,51.450452],[102.074679,51.374824],[102.193379,51.307205],[102.146509,51.097632],[102.302933,50.563892],[103.276776,50.197557],[104.121685,50.148258],[105.32864,50.476455],[106.222281,50.292384],[106.656518,50.327007],[107.192196,50.006044],[107.946517,49.933491],[107.927448,49.670044],[108.538057,49.32743],[109.286693,49.33854],[110.731359,49.137674],[111.338454,49.36474],[112.777126,49.501372],[113.579661,50.019945],[114.286285,50.276881],[114.75375,50.236211],[115.387819,49.891064],[116.21764,50.013848],[116.684278,49.823265]]]}},{"type":"Feature","properties":{"dashboardCountry":"Vietnam"},"geometry":{"type":"MultiPolygon","coordinates":[[[[107.520393,14.704582],[107.558168,14.886715],[107.445565,15.025389],[107.589071,15.058178],[107.664105,15.268552],[107.148787,15.773457],[107.435643,16.068839],[106.956551,16.307068],[106.846687,16.530052],[106.670677,16.444424],[106.524536,16.989248],[105.723086,17.673496],[105.46672,18.180959],[105.166169,18.306791],[105.112684,18.698343],[104.71028,18.796089],[103.84842,19.299908],[104.089956,19.48367],[104.000969,19.680738],[104.614265,19.607435],[104.94949,19.995499],[104.907994,20.175333],[104.657053,20.212695],[104.680928,20.340982],[104.35981,20.439735],[104.615195,20.646493],[104.092282,20.961202],[103.785324,20.845964],[103.676338,20.656518],[103.115287,20.868391],[102.801301,21.254828],[102.947804,21.737124],[102.84719,21.704464],[102.806727,21.836084],[102.650664,21.657801],[102.59103,21.901352],[102.118655,22.397549],[102.442718,22.765175],[103.029039,22.430157],[103.309642,22.787938],[103.503635,22.581413],[103.646934,22.799049],[103.959525,22.507103],[104.086856,22.791556],[104.241161,22.824396],[104.340173,22.686368],[104.700772,22.818247],[104.870064,23.163548],[105.312155,23.36581],[105.551572,23.059679],[105.853879,22.90465],[106.132105,22.975007],[106.255405,22.854653],[106.487794,22.925423],[106.789843,22.797188],[106.526913,22.43827],[106.662926,22.223296],[106.653107,21.968893],[107.009364,21.927448],[107.002905,21.810556],[107.348155,21.599355],[107.777896,21.655992],[107.991222,21.485663],[107.766856,21.520209],[107.590587,21.293891],[107.415294,21.328681],[107.374278,21.027574],[107.197032,20.937649],[107.025645,21.03384],[106.85377,20.992255],[106.943126,20.910305],[106.867931,20.882717],[106.798106,21.024807],[106.6421,21.020168],[106.805919,20.677558],[106.586762,20.663275],[106.518565,20.540961],[106.569615,20.231994],[105.955577,19.925482],[105.790863,19.603461],[105.808767,19.280178],[105.613292,18.985541],[106.093435,18.258734],[106.34669,18.059475],[106.434825,18.123521],[106.498057,17.710639],[106.285167,17.772121],[106.504405,17.682766],[107.111827,17.088284],[107.141775,16.867743],[107.635265,16.587226],[107.44337,16.648017],[107.663097,16.551825],[107.812266,16.313178],[108.042979,16.346381],[108.053966,16.235989],[108.204356,16.216702],[108.19752,16.00373],[108.331391,16.155341],[108.279145,15.995673],[108.683442,15.517768],[108.628917,15.455715],[108.77296,15.325344],[108.827485,15.429023],[108.951671,15.25023],[108.862478,15.152493],[109.307384,13.87637],[109.303966,13.759263],[109.251475,13.890937],[109.220714,13.806138],[109.2942,13.530341],[109.210134,13.630805],[109.339692,13.465481],[109.232188,13.393134],[109.465017,12.913316],[109.368826,12.824612],[109.451345,12.570746],[109.358897,12.797309],[109.204926,12.64643],[109.345958,12.396308],[109.149669,12.440375],[109.2942,11.871243],[109.163341,12.112006],[109.131602,11.830024],[109.204926,11.868109],[109.242931,11.735663],[109.135997,11.570217],[109.020274,11.632799],[109.005626,11.343655],[107.271983,10.378485],[106.991466,10.480862],[106.984141,10.699368],[106.963634,10.46662],[106.943126,10.600653],[106.747569,10.673651],[106.733409,10.522447],[106.581879,10.452786],[106.741059,10.468004],[106.790782,10.284857],[106.422374,10.316962],[106.797618,10.157213],[106.648936,9.974351],[106.292003,10.261705],[106.668712,9.842841],[106.113292,10.23428],[106.574962,9.739081],[106.543712,9.585028],[106.38502,9.548285],[105.819021,10.007961],[106.197032,9.541164],[106.19337,9.36933],[105.538748,9.12934],[105.101472,8.634275],[104.722911,8.602688],[104.963145,8.719387],[104.774595,8.817867],[104.856558,9.738037],[105.054861,9.933417],[105.113292,9.857082],[105.107107,9.952704],[104.771983,10.22663],[104.613048,10.144477],[104.451345,10.419664],[104.854406,10.531322],[105.066744,10.713947],[105.077906,10.946904],[105.317891,10.838849],[105.410496,10.963001],[105.752904,11.015608],[105.878684,10.828074],[105.931342,10.896364],[106.177322,10.766863],[106.160321,11.053512],[105.844423,11.28988],[105.80489,11.624925],[106.01542,11.770497],[106.425834,11.66208],[106.394002,11.969813],[106.70158,11.970795],[107.211884,12.30571],[107.415851,12.254085],[107.514295,12.343847],[107.460396,13.021609],[107.604315,13.498531],[107.31994,14.119837],[107.520393,14.704582]]],[[[106.210704,9.620917],[106.290701,9.561428],[106.244151,9.53498],[106.197032,9.610053],[106.226573,9.565172],[106.196625,9.571682],[106.093435,9.760891],[106.210704,9.620917]]],[[[106.724132,10.268622],[106.7588,10.244371],[106.724132,10.226508],[106.511729,10.295885],[106.724132,10.268622]]],[[[107.172048,10.464586],[107.211192,10.425605],[107.087169,10.323188],[107.079356,10.391018],[107.172048,10.464586]]],[[[106.93629,10.439276],[106.88795,10.370998],[106.888357,10.504869],[106.93629,10.439276]]],[[[106.908946,10.532375],[106.85377,10.562812],[106.85377,10.631049],[106.929454,10.597561],[106.922048,10.542955],[106.895274,10.576483],[106.908946,10.532375]]],[[[109.32838,12.221259],[109.348888,12.200832],[109.307384,12.187161],[109.245291,12.228095],[109.32838,12.221259]]],[[[106.662608,8.739814],[106.57838,8.655463],[106.570974,8.705959],[106.658376,8.766669],[106.662608,8.739814]]],[[[106.498057,9.891181],[106.521007,9.837714],[106.422374,9.939032],[106.498057,9.891181]]],[[[104.082042,10.370998],[104.05128,10.007961],[103.846039,10.371283],[104.004731,10.450995],[104.082042,10.370998]]],[[[106.874278,10.460395],[106.770681,10.464301],[106.751964,10.665839],[106.874278,10.460395]]],[[[107.080333,20.800442],[107.046153,20.70425],[106.912852,20.8369],[107.080333,20.800442]]],[[[106.840099,20.879869],[106.873546,20.789537],[106.819591,20.876776],[106.819591,20.842027],[106.770681,20.858588],[106.785411,20.930813],[106.840099,20.879869]]],[[[107.525401,20.910305],[107.463878,20.814114],[107.470714,20.883002],[107.525401,20.910305]]],[[[107.745128,21.020168],[107.792817,20.986029],[107.738292,20.937649],[107.745128,21.020168]]],[[[107.532725,21.020168],[107.511729,20.923977],[107.39503,20.897284],[107.532725,21.020168]]],[[[107.621267,21.116034],[107.628266,21.120185],[107.632091,21.118842],[107.631847,21.111965],[107.595958,21.03913],[107.58961,21.008124],[107.5796,20.98314],[107.559418,20.986029],[107.570079,20.989936],[107.571462,20.996161],[107.568858,21.00495],[107.566905,21.01675],[107.570079,21.026679],[107.584158,21.0397],[107.587413,21.05093],[107.589041,21.07331],[107.591075,21.081773],[107.594249,21.089057],[107.597911,21.09398],[107.621267,21.116034]]],[[[107.580577,21.211982],[107.372895,21.059556],[107.455333,21.275702],[107.580577,21.211982]]],[[[107.813487,21.3605],[107.815603,21.3581],[107.818207,21.354071],[107.819347,21.350246],[107.817068,21.348538],[107.809337,21.347154],[107.711436,21.307563],[107.714366,21.310126],[107.725841,21.323472],[107.783946,21.35635],[107.800304,21.362454],[107.813487,21.3605]]],[[[107.868663,21.390082],[107.998302,21.403754],[107.841156,21.348538],[107.872813,21.374213],[107.826915,21.37641],[107.868663,21.390082]]],[[[108.942556,10.551947],[108.958995,10.537543],[108.966156,10.517646],[108.960785,10.502875],[108.940196,10.504218],[108.930186,10.514553],[108.925955,10.530219],[108.929454,10.544827],[108.942556,10.551947]]],[[[109.393403,12.601874],[109.400238,12.557929],[109.312022,12.614325],[109.393403,12.601874]]],[[[107.36964,20.825914],[107.381196,20.818915],[107.384451,20.812812],[107.383556,20.799302],[107.380219,20.797553],[107.375255,20.803941],[107.368907,20.807196],[107.36085,20.805894],[107.350271,20.81094],[107.342133,20.828437],[107.341075,20.842597],[107.344981,20.842515],[107.357107,20.829332],[107.36964,20.825914]]],[[[107.382172,20.887885],[107.367686,20.858385],[107.33253,20.883287],[107.382172,20.887885]]],[[[107.825694,21.02497],[107.856293,21.033271],[107.817719,20.988267],[107.825694,21.02497]]]]}},{"type":"Feature","properties":{"dashboardCountry":"Azerbaijan"},"geometry":{"type":"MultiPolygon","coordinates":[[[[44.979456,41.082041],[45.018885,41.07491],[45.015732,41.023234],[44.96695,41.044834],[44.979456,41.082041]]],[[[45.0024,41.290452],[45.24962,41.4445],[45.464801,41.430185],[45.820748,41.208804],[46.210595,41.200174],[46.496779,41.044834],[46.688499,41.284355],[46.180002,41.655159],[46.430892,41.890442],[46.567576,41.786675],[46.740795,41.851245],[47.141391,41.5524],[47.268411,41.302803],[47.828739,41.198417],[48.578949,41.845282],[49.042491,41.414374],[49.53891,40.653998],[50.237559,40.496161],[50.391124,40.235012],[49.893403,40.369045],[49.492524,40.153998],[49.284923,39.522203],[49.407074,39.289496],[49.273123,39.336575],[49.203298,39.034125],[49.079275,38.963324],[49.147716,39.083441],[48.967621,39.183824],[48.831798,38.871161],[48.874278,38.434068],[48.607865,38.395978],[47.993122,38.850085],[48.293672,39.004597],[48.10619,39.26918],[48.33894,39.378941],[47.971418,39.704554],[47.10222,39.308403],[46.514039,38.882176],[46.395286,39.19518],[46.602612,39.215489],[46.36087,39.410257],[46.524271,39.554641],[46.18424,39.593243],[45.579419,39.970171],[45.873768,40.009755],[45.97924,40.223592],[45.526192,40.441047],[45.373643,40.675296],[45.599159,40.862675],[45.419119,41.017342],[45.070044,41.062094],[45.199752,41.142658],[45.0024,41.290452]],[[45.513687,40.601967],[45.560712,40.647649],[45.47927,40.650233],[45.513687,40.601967]]],[[[46.135871,38.863701],[45.438601,39.004235],[44.774559,39.702797],[45.033509,39.77039],[45.148334,39.57526],[45.434828,39.488857],[45.788088,39.548957],[45.758633,39.369484],[45.985802,39.24944],[46.135871,38.863701]]],[[[45.209932,40.967991],[45.186781,40.970834],[45.17717,40.99383],[45.18027,40.996413],[45.183784,40.997912],[45.187712,40.998377],[45.191846,40.997809],[45.220474,40.97905],[45.209932,40.967991]]],[[[50.618907,40.299994],[50.600108,40.303697],[50.587576,40.300605],[50.572765,40.310045],[50.562999,40.324856],[50.565278,40.337836],[50.578298,40.330024],[50.587901,40.332343],[50.59669,40.33747],[50.606944,40.337836],[50.621267,40.326077],[50.625743,40.31037],[50.618907,40.299994]]],[[[50.388438,40.401679],[50.353689,40.399888],[50.326427,40.481879],[50.388438,40.401679]]]]}},{"type":"Feature","properties":{"dashboardCountry":"Pakistan"},"geometry":{"type":"MultiPolygon","coordinates":[[[[75.981083,36.445444],[75.922321,36.031652],[76.166027,35.806239],[76.555461,35.897862],[77.048971,35.110442],[77.013108,34.986393],[76.757619,34.915131],[76.63959,34.741136],[76.023401,34.677161],[75.777111,34.503812],[74.285832,34.768887],[73.919343,34.642538],[73.779817,34.396067],[73.990553,34.218507],[73.916242,34.02795],[74.272293,33.96214],[73.966162,33.734531],[74.157778,33.494236],[74.002335,33.177692],[74.311257,32.994292],[74.34619,32.76689],[74.685291,32.831227],[74.689322,32.471352],[75.023668,32.466262],[75.359048,32.261675],[74.540804,31.810876],[74.617181,31.458908],[74.506387,31.175411],[74.658833,31.083789],[74.319215,30.893413],[73.85175,30.372669],[73.944354,30.188288],[73.370332,29.927322],[72.930359,29.047685],[72.354581,28.767186],[71.874403,27.95969],[70.831573,27.701463],[70.534898,28.015965],[70.341939,28.01147],[69.534443,27.125581],[69.50416,26.735165],[70.158074,26.530113],[70.064643,25.980327],[70.249231,25.707683],[70.653857,25.674455],[70.654478,25.39659],[71.063858,24.682577],[70.954821,24.584521],[71.073057,24.402103],[70.755453,24.231442],[70.584714,24.2579],[70.520946,24.424919],[69.972039,24.165219],[68.904197,24.320584],[68.838774,24.236455],[68.747307,24.331177],[68.724466,23.965179],[68.157481,23.905097],[68.149099,23.694525],[68.01352,23.939276],[68.01352,23.768541],[67.855235,23.911933],[67.831716,23.809516],[67.637706,23.801744],[67.650401,23.933051],[67.478526,23.891506],[67.533051,24.070258],[67.354015,24.070868],[67.300304,24.186265],[67.362478,24.34394],[67.149587,24.635077],[67.255544,24.747992],[66.654145,24.839179],[66.737153,25.181098],[66.375499,25.625678],[66.094412,25.47484],[66.336436,25.553371],[66.498383,25.398505],[66.251801,25.472886],[64.744395,25.324042],[64.65504,25.165717],[64.094493,25.335883],[64.155284,25.446926],[64.045421,25.450344],[64.059744,25.34455],[63.57252,25.364976],[63.500499,25.193671],[62.527479,25.264188],[62.381052,25.087572],[62.145193,25.218411],[62.097179,25.107123],[61.729551,25.021783],[61.783051,25.187974],[61.588227,25.202094],[61.832949,26.225377],[62.265119,26.360976],[62.418495,26.562307],[63.141344,26.625404],[63.319628,27.117312],[63.177105,27.258441],[62.742351,27.266812],[62.761523,28.246442],[62.575643,28.229027],[62.362787,28.418887],[61.89279,28.5426],[61.566505,28.870978],[61.337372,29.374384],[60.844379,29.858179],[62.477509,29.407819],[63.568605,29.497477],[64.086093,29.386605],[64.477697,29.570367],[65.036371,29.540162],[66.195628,29.835338],[66.340529,29.956571],[66.219296,30.057856],[66.366264,30.922868],[66.550025,30.976973],[66.696993,31.195823],[66.943283,31.314731],[67.346204,31.20776],[67.764731,31.334058],[67.568981,31.52986],[67.966063,31.638225],[68.138559,31.824674],[68.675787,31.774702],[68.803841,31.602568],[69.29885,31.93769],[69.232859,32.462671],[69.426025,32.655088],[69.487727,33.028373],[69.994725,33.127333],[70.294448,33.318949],[69.872613,34.017227],[70.521979,33.938705],[71.062618,34.054253],[71.122046,34.356819],[70.956991,34.532002],[71.637932,35.189688],[71.464402,35.794715],[71.165919,36.045708],[71.61044,36.457931],[71.782626,36.396539],[72.169682,36.711352],[72.565214,36.820596],[73.640083,36.896638],[74.035305,36.815583],[74.66245,37.054484],[74.87236,36.907102],[75.100149,36.994125],[75.351297,36.915784],[75.431912,36.722928],[75.728741,36.723186],[75.981083,36.445444]]],[[[67.375499,24.06273],[67.485362,24.048529],[67.426931,24.007514],[67.375499,24.06273]]]]}},{"type":"Feature","properties":{"dashboardCountry":"Myanmar"},"geometry":{"type":"MultiPolygon","coordinates":[[[[92.575879,21.977574],[92.683779,22.154308],[92.968103,21.987238],[93.024533,22.201902],[93.173672,22.259418],[93.079517,22.77272],[93.152381,23.049938],[93.272787,23.00591],[93.3749,23.129726],[93.432364,23.647317],[93.32219,24.080056],[93.456652,23.95996],[93.711106,24.005461],[94.131856,23.856969],[94.708565,25.02589],[94.553329,25.204147],[94.608003,25.394627],[95.008805,25.737138],[95.00064,25.922036],[95.151225,26.049936],[95.041775,26.287596],[95.132622,26.620805],[95.410641,26.701627],[96.142586,27.25751],[96.705239,27.36076],[97.119167,27.087288],[96.862129,27.599298],[97.333521,27.894164],[97.323496,28.217478],[97.546221,28.538466],[98.118693,28.14079],[98.294703,27.536615],[98.410251,27.684254],[98.679279,27.577336],[98.755553,26.625043],[98.70553,26.174941],[98.54554,26.105643],[98.690234,25.865554],[98.498101,25.830724],[98.312066,25.557459],[98.140087,25.611461],[98.044899,25.311944],[97.800986,25.237634],[97.699597,25.065009],[97.765226,24.834661],[97.532785,24.723324],[97.513252,24.438587],[97.6473,24.432334],[97.720061,24.147442],[97.516456,23.942829],[97.624666,23.846711],[98.10505,24.101527],[98.865727,24.145685],[98.658815,23.961123],[98.663672,23.796947],[98.856012,23.610007],[98.780874,23.532854],[98.889602,23.406789],[98.859009,23.179387],[99.21661,23.057379],[99.333812,23.129623],[99.538038,22.926431],[99.413394,22.930746],[99.307974,22.745176],[99.35779,22.495476],[99.14447,22.153533],[99.942406,22.045529],[99.95026,21.721156],[100.142807,21.654907],[100.089994,21.52892],[100.187145,21.427892],[100.341968,21.530367],[100.621744,21.469078],[101.082801,21.766735],[101.173855,21.611912],[101.003426,21.405981],[100.725407,21.311672],[100.517823,20.906322],[100.65213,20.876608],[100.21133,20.697394],[100.099295,20.317805],[99.937135,20.445006],[99.651932,20.306824],[99.420629,20.375553],[99.510339,20.15381],[99.073466,20.101229],[98.899317,19.748615],[98.237548,19.664692],[98.024538,19.802978],[97.767086,19.397525],[97.810804,19.11222],[97.657842,18.925719],[97.745692,18.571064],[97.351401,18.551169],[97.486483,18.29214],[97.637585,18.306326],[97.759335,17.691479],[98.50947,16.892665],[98.456657,16.723218],[98.663259,16.286656],[98.839579,16.472432],[98.902521,16.381637],[98.807229,16.110542],[98.546987,16.047497],[98.559906,15.355317],[98.283024,15.289972],[98.160447,15.106366],[98.54771,14.377676],[99.090003,13.870111],[99.190152,13.229504],[99.093207,13.038327],[99.403265,12.575926],[99.452255,12.12939],[99.541655,12.140655],[99.630022,11.815766],[99.212993,11.108264],[98.766715,10.688754],[98.747406,10.350531],[98.543142,9.987454],[98.459321,10.715399],[98.712413,10.924384],[98.735606,11.642035],[98.891612,11.693671],[98.80893,11.851304],[98.674164,11.685248],[98.603526,11.803616],[98.706554,11.878648],[98.549001,11.878648],[98.721446,11.997789],[98.629649,12.131985],[98.703298,12.237779],[98.539073,12.241767],[98.706554,12.347886],[98.605154,12.428941],[98.709727,12.512397],[98.623057,12.558173],[98.692882,12.725287],[98.578461,13.186754],[98.244802,13.714057],[98.192149,14.064683],[98.144298,13.537095],[98.110118,14.167792],[97.885509,14.655951],[98.027599,14.647528],[97.79477,14.880316],[97.727061,15.843207],[97.568858,16.062405],[97.740245,16.559272],[97.370291,16.483547],[97.183279,16.921536],[97.157237,17.086859],[97.260997,17.107327],[97.130626,17.079413],[96.883067,17.457424],[96.910899,17.024807],[96.679473,16.574868],[96.436261,16.477768],[96.265961,16.596829],[96.28712,16.813137],[96.171153,16.771552],[96.3213,16.415269],[96.118988,16.321763],[96.006602,16.387356],[96.067556,16.310248],[95.797699,16.144924],[95.724864,16.222846],[95.664724,15.949205],[95.415782,15.722968],[95.287934,15.740139],[95.361583,16.148383],[95.212738,15.786566],[95.097667,16.025133],[95.225922,16.11994],[95.135753,16.148383],[95.033946,15.805732],[94.846853,15.790595],[94.863129,16.127753],[94.992442,16.2508],[94.721202,15.856676],[94.601329,15.92121],[94.793712,16.162014],[94.56658,15.935492],[94.73227,16.524563],[94.62794,16.260199],[94.629731,16.344184],[94.521169,16.295478],[94.428071,16.074164],[94.239513,15.976304],[94.268321,16.527493],[94.454356,17.18008],[94.594493,17.292304],[94.490571,18.072496],[94.148936,18.731024],[94.279307,18.738511],[94.038097,18.859117],[94.066905,19.388983],[94.033376,19.204535],[93.910411,19.190985],[93.930431,18.858629],[93.487071,19.333726],[93.552989,19.430569],[93.834239,19.238186],[93.987315,19.386705],[93.731212,19.632554],[93.806814,19.745836],[93.60141,19.718573],[93.740001,19.925116],[93.58074,19.881334],[93.382335,20.088528],[93.128429,20.094672],[93.168793,19.807318],[92.970225,20.129462],[93.120942,20.211982],[92.990489,20.154934],[93.073253,20.554633],[92.867686,20.122016],[92.778168,20.231635],[92.942882,20.321234],[92.826915,20.495063],[92.63502,20.697984],[92.731212,20.259182],[92.381114,20.700141],[92.17828,21.299735],[92.322664,21.461895],[92.633756,21.282216],[92.575879,21.977574]]],[[[98.057465,9.796861],[98.037608,9.790717],[98.018321,9.794908],[98.008067,9.80744],[98.015391,9.826402],[98.030284,9.833401],[98.046072,9.827948],[98.056895,9.814358],[98.057465,9.796861]]],[[[98.228689,10.519965],[98.192719,10.482408],[98.189708,10.51557],[98.228689,10.519965]]],[[[98.429535,10.977729],[98.432872,10.993598],[98.442556,11.002997],[98.451427,11.001939],[98.452891,10.986274],[98.448009,10.974311],[98.440278,10.965562],[98.432953,10.965033],[98.429535,10.977729]]],[[[97.464529,11.782457],[97.459239,11.7862],[97.444347,11.800238],[97.462901,11.799791],[97.476899,11.788235],[97.479666,11.777981],[97.464529,11.782457]]],[[[97.836925,12.772447],[97.852794,12.806545],[97.868012,12.774807],[97.836925,12.772447]]],[[[98.295665,10.048896],[98.133474,9.845608],[98.127452,9.96011],[98.295665,10.048896]]],[[[98.185802,10.121161],[98.178966,10.192857],[98.240896,10.167792],[98.185802,10.04206],[98.185802,10.121161]]],[[[97.911469,10.494534],[97.943533,10.443793],[97.910167,10.401923],[97.911469,10.494534]]],[[[98.493663,10.891099],[98.553233,10.832831],[98.52711,10.786933],[98.498383,10.793606],[98.528494,10.820054],[98.493663,10.891099]]],[[[97.890391,10.884955],[97.951834,10.919094],[97.90919,10.857245],[97.883556,10.84455],[97.890391,10.884955]]],[[[98.267751,10.837144],[98.250743,10.693101],[98.198741,10.881659],[98.077403,10.888088],[98.171886,10.978664],[98.267751,10.837144]]],[[[98.528494,10.974311],[98.507986,10.946357],[98.477061,10.9737],[98.524669,11.086656],[98.528494,10.974311]]],[[[98.275157,11.248033],[98.295095,11.231147],[98.247325,11.214504],[98.219981,11.26911],[98.281423,11.275946],[98.275157,11.248033]]],[[[98.278331,11.799791],[98.283539,11.509426],[98.176524,11.449164],[98.278331,11.799791]]],[[[98.53533,11.803616],[98.53533,11.529242],[98.370779,11.789252],[98.53533,11.803616]]],[[[98.055431,11.701117],[98.08961,11.63227],[98.011729,11.704739],[98.013927,11.864976],[98.082286,11.734687],[98.055431,11.701117]]],[[[97.664399,11.905951],[97.671886,11.837714],[97.642833,11.867662],[97.664399,11.905951]]],[[[98.254161,11.85814],[98.265391,11.908515],[98.289073,11.882392],[98.254161,11.85814]]],[[[98.267751,11.933905],[98.261567,11.926174],[98.253754,11.923082],[98.246104,11.925442],[98.227061,11.953925],[98.23585,11.968329],[98.252208,11.974758],[98.260916,11.971137],[98.262706,11.961656],[98.268728,11.942288],[98.267751,11.933905]]],[[[98.603526,11.967434],[98.478038,11.890937],[98.439138,12.112006],[98.603526,11.967434]]],[[[98.096446,12.187161],[98.131847,12.198554],[98.137462,12.138739],[98.076671,12.161933],[98.034353,12.221259],[98.07252,12.289537],[98.12379,12.259467],[98.096446,12.187161]]],[[[98.065278,12.365302],[98.000255,12.269029],[97.945567,12.310045],[97.9546,12.377753],[98.017833,12.402655],[98.005382,12.367336],[98.041759,12.358466],[98.075938,12.427395],[98.104503,12.383043],[98.065278,12.365302]]],[[[98.514171,12.495592],[98.516856,12.479438],[98.514171,12.423651],[98.508556,12.410305],[98.495616,12.405829],[98.482107,12.41059],[98.474294,12.424994],[98.488536,12.493313],[98.499848,12.513088],[98.514171,12.495592]]],[[[98.254161,12.567613],[98.289887,12.526313],[98.260509,12.495266],[98.230235,12.516995],[98.254161,12.567613]]],[[[97.822765,12.58747],[97.849946,12.594631],[97.849946,12.537258],[97.822765,12.58747]]],[[[98.466319,12.583726],[98.302013,12.337958],[98.315603,12.687445],[98.466319,12.583726]]],[[[98.295665,13.084662],[98.336436,13.073879],[98.302013,12.913316],[98.239024,13.158759],[98.261485,13.214342],[98.295665,13.084662]]],[[[97.931895,13.85928],[97.938162,13.851793],[97.932384,13.840399],[97.928477,13.821112],[97.925059,13.783596],[97.917735,13.783596],[97.91505,13.800116],[97.914317,13.828437],[97.918712,13.853258],[97.931895,13.85928]]],[[[93.396007,14.140448],[93.400157,14.095649],[93.394786,14.076361],[93.374848,14.064683],[93.383311,14.138373],[93.385997,14.150865],[93.39031,14.153754],[93.396007,14.140448]]],[[[93.675792,14.859198],[93.686697,14.872056],[93.693614,14.888861],[93.703868,14.904446],[93.724376,14.913804],[93.724376,14.90762],[93.716156,14.890082],[93.704438,14.870998],[93.69044,14.8581],[93.675792,14.859198]]],[[[97.664399,15.565579],[97.671641,15.549994],[97.672374,15.533352],[97.669119,15.517401],[97.664399,15.504096],[97.657481,15.523871],[97.65089,15.592231],[97.656261,15.58633],[97.660167,15.58039],[97.662852,15.573676],[97.664399,15.565579]]],[[[94.827973,15.932034],[94.803722,15.796576],[94.724864,15.811957],[94.827973,15.932034]]],[[[94.66212,16.221869],[94.40268,15.83926],[94.389659,16.000922],[94.66212,16.221869]]],[[[97.589366,16.415269],[97.547461,16.199928],[97.452159,16.449408],[97.520518,16.510891],[97.589366,16.415269]]],[[[93.745372,18.799994],[93.645274,18.679348],[93.484141,18.874986],[93.745372,18.799994]]],[[[93.970714,19.416938],[93.802745,19.276679],[93.641775,19.492011],[93.723643,19.556383],[93.970714,19.416938]]],[[[93.505219,19.807318],[93.511974,19.745836],[93.440684,19.81094],[93.402843,19.95307],[93.49879,19.88703],[93.505219,19.807318]]],[[[92.964041,20.036689],[93.024913,19.827826],[92.909434,20.06509],[92.922699,20.087633],[92.964041,20.036689]]]]}},{"type":"Feature","properties":{"dashboardCountry":"Bangladesh"},"geometry":{"type":"MultiPolygon","coordinates":[[[[92.575879,21.977574],[92.633756,21.282216],[92.322664,21.461895],[92.17828,21.299735],[92.319347,20.742011],[91.952973,21.44184],[92.029307,21.704901],[91.899262,21.789496],[91.812999,22.180325],[91.908051,22.42475],[91.78712,22.237942],[91.462413,22.761908],[91.490489,22.904527],[91.317393,22.697211],[91.181895,22.726467],[91.202743,22.54322],[91.018321,22.683092],[90.941742,22.585883],[90.629405,23.064399],[90.600271,23.449937],[90.715831,23.535142],[90.607758,23.491116],[90.61199,23.606106],[90.476329,23.582953],[90.576834,23.539496],[90.551931,23.384955],[90.24936,23.45539],[90.61085,23.23078],[90.448904,23.055732],[90.54005,22.896552],[90.372569,22.76142],[90.492931,22.709906],[90.442068,22.493638],[90.524099,22.583075],[90.606619,22.465766],[90.557953,22.203355],[90.408458,22.085924],[90.394298,22.288235],[90.272716,21.857408],[90.024425,21.862454],[90.239106,22.172268],[90.038097,21.986558],[90.052582,22.155463],[89.934418,21.997707],[89.876801,22.274726],[90.010102,22.49022],[89.872895,22.418606],[89.797211,22.075995],[89.880382,21.884182],[89.709158,21.830064],[89.646983,21.925116],[89.700694,21.784857],[89.586925,21.700832],[89.626475,22.336005],[89.532888,21.984687],[89.475759,22.295071],[89.465831,21.781317],[89.36964,21.743313],[89.352224,21.972317],[89.21046,21.65412],[88.838794,22.975808],[88.959975,23.202693],[88.69658,23.252354],[88.770168,23.488826],[88.541551,23.638765],[88.577621,23.85516],[88.71415,23.925156],[88.737508,24.287097],[88.475405,24.315468],[88.02179,24.645603],[88.114911,24.916413],[88.322753,24.874684],[88.441299,25.18973],[88.924163,25.167871],[88.984935,25.284969],[88.087574,25.830983],[88.163796,26.140473],[88.497626,26.352708],[88.315105,26.465052],[88.385282,26.623544],[88.656273,26.415133],[88.663404,26.264444],[89.019455,26.234472],[88.891246,26.385781],[89.043743,26.381078],[89.11919,26.146622],[89.335301,25.998569],[89.541697,25.959709],[89.653008,26.22269],[89.828656,25.979397],[89.819044,25.284969],[90.364644,25.149991],[92.033999,25.181668],[92.483791,24.928221],[92.380748,24.836702],[92.223032,24.891376],[92.107587,24.405979],[91.899847,24.33805],[91.87711,24.158036],[91.732933,24.234284],[91.581831,24.096101],[91.363033,24.099848],[91.132349,23.720646],[91.313527,23.101046],[91.394349,23.262664],[91.586068,22.944466],[91.795564,23.089496],[91.743681,23.272327],[91.940775,23.495182],[91.922688,23.722972],[92.019013,23.640057],[92.259309,23.706487],[92.575879,21.977574]]],[[[91.935557,21.759996],[91.970225,21.523586],[91.877126,21.481024],[91.935557,21.759996]]],[[[89.115733,21.781155],[89.132498,21.721625],[89.051524,21.793199],[89.045665,21.91706],[89.115733,21.781155]]],[[[91.887706,21.866156],[91.83253,21.725816],[91.836192,21.89411],[91.867198,21.931952],[91.887706,21.866156]]],[[[90.593516,21.986558],[90.606619,21.938788],[90.503591,21.862454],[90.521983,21.938788],[90.593516,21.986558]]],[[[90.332205,21.938788],[90.394298,22.00023],[90.322927,21.843899],[90.332205,21.938788]]],[[[90.387462,22.048041],[90.381114,22.023098],[90.352794,21.992987],[90.345958,21.972317],[90.33961,21.972317],[90.345876,21.993598],[90.358653,22.022691],[90.373871,22.045559],[90.387462,22.048041]]],[[[90.435232,22.041205],[90.486176,21.976793],[90.415538,21.900539],[90.394298,21.938788],[90.435232,22.041205]]],[[[90.544444,22.061672],[90.483653,22.03498],[90.49171,22.080146],[90.613455,22.164049],[90.559744,22.023749],[90.509044,21.999416],[90.544444,22.061672]]],[[[90.941742,22.205024],[90.947113,22.211615],[90.951182,22.21247],[90.954112,22.208075],[90.956716,22.198879],[90.956716,22.144843],[90.948985,22.121649],[90.929373,22.116889],[90.9192,22.132148],[90.920258,22.160061],[90.927501,22.190253],[90.935557,22.21247],[90.941742,22.205024]]],[[[90.97641,22.185777],[90.977061,22.239203],[90.982921,22.259182],[90.996918,22.253485],[90.997813,22.235093],[90.994802,22.213813],[90.987804,22.19538],[90.97641,22.185777]]],[[[90.952891,22.226752],[90.97641,22.363349],[90.994395,22.302069],[90.952891,22.226752]]],[[[91.148847,22.357057],[91.186785,22.227757],[91.022472,22.094875],[91.074801,22.38859],[91.148847,22.357057]]],[[[90.61964,22.42475],[90.658702,22.379543],[90.640147,22.308743],[90.61964,22.42475]]],[[[90.647472,22.42475],[90.653494,22.483466],[90.656016,22.480699],[90.661143,22.480048],[90.665294,22.469143],[90.667003,22.458441],[90.667328,22.439032],[90.657074,22.433661],[90.653656,22.431057],[90.647472,22.42475]]],[[[91.158619,22.503423],[91.199988,22.514694],[91.201017,22.472196],[91.11371,22.461415],[91.158619,22.503423]]],[[[91.467557,22.58631],[91.555179,22.402031],[91.446517,22.453242],[91.467557,22.58631]]],[[[90.790553,22.495333],[90.836192,22.178168],[90.647472,21.994045],[90.578624,22.757025],[90.650564,22.787421],[90.790553,22.495333]]],[[[90.645254,22.849289],[90.520993,22.711765],[90.45574,22.767401],[90.473399,22.865139],[90.645254,22.849289]]],[[[90.667328,22.95303],[90.636241,22.921332],[90.508067,22.975775],[90.586192,23.034898],[90.667328,22.95303]]],[[[90.510427,23.069037],[90.469493,23.007636],[90.45574,23.062812],[90.510427,23.069037]]],[[[90.524099,23.322252],[90.429698,23.385159],[90.539399,23.350002],[90.586192,23.301744],[90.524099,23.322252]]]]}},{"type":"Feature","properties":{"dashboardCountry":"Afghanistan"},"geometry":{"type":"Polygon","coordinates":[[[74.542354,37.021669],[74.035305,36.815583],[73.191842,36.877027],[72.213607,36.726442],[71.782626,36.396539],[71.61044,36.457931],[71.223073,36.125393],[71.170932,36.027001],[71.356399,35.933053],[71.59349,35.549356],[71.529825,35.300895],[71.637932,35.189688],[70.956991,34.532002],[71.122046,34.356819],[71.062618,34.054253],[70.521979,33.938705],[69.872613,34.017227],[70.294448,33.318949],[69.994725,33.127333],[69.487727,33.028373],[69.426025,32.655088],[69.232859,32.462671],[69.29885,31.93769],[68.803841,31.602568],[68.675787,31.774702],[68.138559,31.824674],[67.966063,31.638225],[67.568981,31.52986],[67.764731,31.334058],[67.346204,31.20776],[66.943283,31.314731],[66.696993,31.195823],[66.550025,30.976973],[66.366264,30.922868],[66.219296,30.057856],[66.340529,29.956571],[66.195628,29.835338],[65.036371,29.540162],[64.477697,29.570367],[64.086093,29.386605],[63.568605,29.497477],[62.477509,29.407819],[60.844379,29.858179],[61.802253,30.847059],[61.826438,31.014956],[61.686911,31.373177],[60.821744,31.494668],[60.830323,32.248885],[60.562949,33.058268],[60.92086,33.514105],[60.511789,33.638387],[60.492772,34.139028],[60.643667,34.306641],[60.890474,34.318914],[60.699685,34.516396],[61.06545,34.814724],[61.269676,35.618499],[61.604746,35.430603],[62.00746,35.438923],[62.286203,35.140647],[62.431879,35.280638],[62.69362,35.248392],[63.080211,35.437063],[63.076646,35.6247],[63.214415,35.699269],[63.104086,35.856469],[64.045114,35.998734],[64.057258,36.105239],[64.477697,36.271637],[64.778764,37.118046],[65.536857,37.257107],[65.761443,37.578379],[66.294434,37.331211],[67.005915,37.384386],[67.259129,37.185147],[67.746593,37.229408],[68.02022,36.92568],[68.887867,37.338135],[69.312079,37.117477],[69.442148,37.223621],[69.37838,37.437406],[69.508656,37.578973],[70.157867,37.541431],[70.283079,37.704831],[70.17213,37.946083],[70.470303,38.120517],[70.664865,38.405409],[70.950739,38.473053],[71.358156,38.251258],[71.258265,37.926472],[71.597727,37.89836],[71.431123,37.066989],[71.653021,36.687012],[72.657714,37.028826],[72.79073,37.220262],[73.296332,37.464949],[73.753462,37.428388],[73.597295,37.261809],[73.709227,37.217006],[74.315598,37.426916],[74.660383,37.393972],[74.892307,37.231114],[74.721464,37.297776],[74.368308,37.167061],[74.542354,37.021669]]]}},{"type":"Feature","properties":{"dashboardCountry":"Nepal"},"geometry":{"type":"Polygon","coordinates":[[[88.118218,27.860885],[87.969183,27.110801],[88.167827,26.762915],[88.044321,26.405676],[87.30049,26.34599],[87.10629,26.404746],[87.041333,26.580187],[86.713601,26.414565],[86.284428,26.61202],[85.828538,26.566131],[85.598578,26.854383],[85.194934,26.758885],[84.627268,27.03649],[84.606546,27.310479],[84.11717,27.513283],[83.834087,27.434037],[83.854602,27.34505],[83.387034,27.470469],[83.282441,27.330943],[82.752137,27.494964],[82.679687,27.694409],[82.401926,27.677175],[82.02722,27.912406],[81.855654,27.850937],[81.296205,28.12831],[81.169701,28.361319],[80.555837,28.678948],[80.488451,28.562444],[80.329701,28.627479],[80.031115,28.897798],[80.258181,29.202456],[80.213739,29.416888],[80.385201,29.604835],[80.368975,29.757926],[80.883879,30.210405],[81.21683,30.008195],[81.387518,30.373909],[81.614015,30.416904],[82.088767,30.330088],[82.153827,30.058166],[82.541814,29.923239],[82.836576,29.659793],[83.173558,29.621268],[83.523718,29.183594],[84.08973,29.256613],[84.206725,28.940664],[84.450845,28.73388],[84.81196,28.54198],[85.160982,28.595],[85.109409,28.292254],[85.611807,28.251145],[85.692939,28.335222],[85.96269,27.891374],[86.112862,27.926798],[86.15596,28.156525],[86.203038,28.002581],[86.425298,27.909925],[86.661976,28.106838],[87.155796,27.825796],[88.118218,27.860885]]]}},{"type":"Feature","properties":{"dashboardCountry":"Hong Kong"},"geometry":{"type":"MultiPolygon","coordinates":[[[[114.229828,22.555813],[114.335134,22.506415],[114.209321,22.398668],[114.39975,22.436143],[114.258393,22.362087],[114.296723,22.258287],[113.896983,22.408759],[114.229828,22.555813]]],[[[114.13738,22.178778],[114.1067,22.235785],[114.154633,22.203599],[114.13738,22.178778]]],[[[114.215587,22.285631],[114.207693,22.189561],[114.112559,22.271511],[114.215587,22.285631]]],[[[113.846446,22.197089],[113.892507,22.292711],[114.054861,22.33633],[114.012706,22.311347],[114.000173,22.216132],[113.945649,22.23725],[113.846446,22.197089]]]]}},{"type":"Feature","properties":{"dashboardCountry":"Fiji"},"geometry":{"type":"MultiPolygon","coordinates":[[[[-180.0,-16.169614],[-180.0,-16.149111],[-179.987538,-16.138116],[-179.973012,-16.131036],[-179.938588,-16.12127],[-179.948476,-16.142185],[-179.961781,-16.154718],[-179.978871,-16.162774],[-180.0,-16.169614]]],[[[-180.0,-16.541115],[-179.991404,-16.475763],[-179.897654,-16.429783],[-179.921986,-16.497491],[-180.0,-16.541115]]],[[[-180.0,-16.964144],[-180.0,-16.786733],[-179.864084,-16.681329],[-179.815663,-16.772231],[-180.0,-16.964144]]],[[[180.0,-16.489519],[180.0,-16.516561],[180.0,-16.541275],[179.999216,-16.541452],[179.992524,-16.543145],[179.987478,-16.542413],[179.984548,-16.538263],[179.984386,-16.530206],[179.987153,-16.518324],[179.99915,-16.49133],[180.0,-16.489519]]],[[[180.0,-16.785349],[180.0,-16.962782],[179.917491,-16.998793],[179.895274,-16.939142],[180.0,-16.785349]]],[[[180.0,-16.149112],[179.478689,-16.697198],[179.548106,-16.766046],[179.939464,-16.463311],[179.910655,-16.766046],[179.296886,-16.806817],[179.266368,-16.689874],[179.026866,-16.92311],[178.910004,-16.848077],[178.733897,-17.007013],[178.636404,-16.807061],[178.485606,-16.79339],[178.533946,-16.629002],[178.800955,-16.635837],[178.917003,-16.470636],[179.403575,-16.407973],[179.520274,-16.244806],[180.0,-16.149112]]],[[[-178.588572,-19.122817],[-178.536977,-19.177179],[-178.600331,-19.147719],[-178.553822,-19.109145],[-178.588572,-19.122817]]],[[[-178.972157,-18.965102],[-178.943593,-18.926365],[-178.930979,-18.971368],[-178.972157,-18.965102]]],[[[-179.863067,-18.965834],[-179.84968,-18.923435],[-179.78718,-18.955336],[-179.808217,-18.986423],[-179.837758,-18.948826],[-179.858266,-19.005955],[-179.863067,-18.965834]]],[[[-178.766713,-18.191257],[-178.763295,-18.245864],[-178.845408,-18.21738],[-178.789784,-18.172133],[-178.766713,-18.191257]]],[[[-179.050294,-17.955952],[-179.027865,-18.003014],[-179.069336,-17.989319],[-179.050294,-17.955952]]],[[[-178.293162,-17.882745],[-178.248647,-17.952569],[-178.352284,-17.945733],[-178.293162,-17.882745]]],[[[-178.964711,-17.176935],[-178.910715,-17.214532],[-178.985829,-17.313572],[-178.958323,-17.211358],[-179.019968,-17.149102],[-178.964711,-17.176935]]],[[[179.777517,-19.122817],[179.802013,-19.184259],[179.745942,-19.190118],[179.777517,-19.122817]]],[[[178.430349,-18.955255],[178.496593,-19.013279],[178.281505,-19.00742],[178.178966,-19.157485],[177.951182,-19.129653],[178.430349,-18.955255]]],[[[178.526541,-18.87656],[178.508311,-18.926446],[178.471934,-18.907159],[178.49586,-18.86297],[178.526541,-18.87656]]],[[[179.943427,-18.556346],[179.882754,-18.662524],[179.830666,-18.589302],[179.943427,-18.556346]]],[[[177.648774,-18.492852],[177.663097,-18.588474],[177.618988,-18.511895],[177.648774,-18.492852]]],[[[178.122325,-18.369317],[178.150076,-18.357843],[178.142345,-18.411879],[178.108735,-18.403497],[178.122325,-18.369317]]],[[[179.34547,-17.998793],[179.350271,-18.118829],[179.232758,-17.944757],[179.34547,-17.998793]]],[[[179.430837,-17.794041],[179.422618,-17.850518],[179.391775,-17.793064],[179.430837,-17.794041]]],[[[178.725762,-17.72471],[178.741915,-17.749584],[178.762706,-17.761977],[178.779552,-17.766046],[178.77711,-17.773207],[178.775645,-17.776462],[178.772716,-17.780369],[178.76588,-17.772882],[178.759125,-17.77752],[178.752615,-17.776137],[178.747813,-17.769952],[178.734685,-17.767566],[178.719455,-17.729841],[178.713189,-17.710978],[178.725762,-17.72471]]],[[[178.776378,-17.628839],[178.816758,-17.628951],[178.835544,-17.693159],[178.768077,-17.747166],[178.739355,-17.67333],[178.776378,-17.628839]]],[[[179.005382,-17.621352],[178.997406,-17.608005],[178.998546,-17.597101],[179.006847,-17.593194],[179.019705,-17.600844],[179.026052,-17.61061],[179.038097,-17.642022],[179.040782,-17.656183],[179.033376,-17.656183],[179.028982,-17.644301],[179.023204,-17.635431],[179.015636,-17.628188],[179.005382,-17.621352]]],[[[178.711436,-17.991957],[178.588634,-18.136],[177.894054,-18.273126],[177.335948,-18.105564],[177.251638,-17.952244],[177.515147,-17.50506],[178.190115,-17.300551],[178.245372,-17.471287],[178.590831,-17.630955],[178.5949,-17.926039],[178.711436,-17.991957]]],[[[177.093923,-17.245294],[177.162852,-17.265802],[177.111827,-17.310317],[177.093923,-17.245294]]],[[[179.451915,-17.290297],[179.39088,-17.396254],[179.371349,-17.259861],[179.451915,-17.290297]]],[[[177.272146,-17.080824],[177.238048,-17.149102],[177.175955,-17.163344],[177.218272,-17.073826],[177.272146,-17.080824]]],[[[177.443696,-16.867852],[177.395356,-16.936782],[177.395763,-16.866143],[177.443696,-16.867852]]],[[[178.333995,-16.79339],[178.333669,-16.828871],[178.290212,-16.834405],[178.28004,-16.786716],[178.333995,-16.79339]]],[[[177.56072,-16.676853],[177.591156,-16.686212],[177.580333,-16.728448],[177.429698,-16.834405],[177.437185,-16.79339],[177.558604,-16.721449],[177.56072,-16.676853]]],[[[179.917491,-16.655532],[179.883311,-16.655532],[179.951671,-16.607843],[179.917491,-16.655532]]],[[[178.588227,-16.573012],[178.59669,-16.578383],[178.605154,-16.580011],[178.61378,-16.578058],[178.622569,-16.573012],[178.615733,-16.583754],[178.60613,-16.591729],[178.592459,-16.595636],[178.573985,-16.594171],[178.566742,-16.592462],[178.56365,-16.590916],[178.560395,-16.587335],[178.588227,-16.573012]]],[[[179.362315,-16.326593],[179.376638,-16.328871],[179.389659,-16.333591],[179.377452,-16.339044],[179.361176,-16.340753],[179.343761,-16.338962],[179.328136,-16.333591],[179.328136,-16.326593],[179.362315,-16.326593]]],[[[177.124766,-12.486098],[177.091075,-12.516371],[177.00587,-12.489516],[177.124766,-12.486098]]],[[[174.615896,-21.711114],[174.594005,-21.668715],[174.626638,-21.676528],[174.615896,-21.711114]]],[[[-178.719065,-20.670994],[-178.727244,-20.664727],[-178.731028,-20.657647],[-178.730295,-20.650079],[-178.724965,-20.642348],[-178.724233,-20.650974],[-178.720815,-20.659275],[-178.715281,-20.666192],[-178.708119,-20.671319],[-178.711008,-20.671808],[-178.719065,-20.670994]]],[[[-178.226796,-19.84002],[-178.23054,-19.835219],[-178.228953,-19.829034],[-178.223622,-19.822198],[-178.216135,-19.815199],[-178.2176,-19.821873],[-178.220041,-19.827895],[-178.226796,-19.84002]]],[[[-178.419789,-19.167413],[-178.401112,-19.133477],[-178.392934,-19.127537],[-178.389272,-19.146417],[-178.391957,-19.165785],[-178.399607,-19.170994],[-178.409373,-19.171808],[-178.418813,-19.178643],[-178.421702,-19.176202],[-178.421986,-19.173761],[-178.419789,-19.167413]]],[[[-178.899648,-18.87713],[-178.907216,-18.881524],[-178.914866,-18.884047],[-178.922597,-18.884373],[-178.930613,-18.882094],[-178.919504,-18.872654],[-178.907297,-18.864028],[-178.893992,-18.857599],[-178.879872,-18.854262],[-178.88386,-18.860772],[-178.888539,-18.866795],[-178.893788,-18.872247],[-178.899648,-18.87713]]],[[[-178.507151,-18.665216],[-178.516306,-18.649998],[-178.511098,-18.637953],[-178.499216,-18.633722],[-178.487986,-18.641371],[-178.486073,-18.651788],[-178.490305,-18.66074],[-178.498118,-18.665948],[-178.507151,-18.665216]]],[[[-179.322581,-17.770196],[-179.298085,-17.72324],[-179.280751,-17.760186],[-179.322581,-17.770196]]],[[[-179.156606,-17.471368],[-179.175486,-17.439711],[-179.145579,-17.424249],[-179.156606,-17.471368]]],[[[-179.157297,-17.272719],[-179.156687,-17.254083],[-179.146474,-17.247979],[-179.134389,-17.25213],[-179.127878,-17.264907],[-179.130808,-17.277032],[-179.139272,-17.283298],[-179.149485,-17.282159],[-179.157297,-17.272719]]]]}},{"type":"Feature","properties":{"dashboardCountry":"Philippines"},"geometry":{"type":"MultiPolygon","coordinates":[[[[120.860688,5.574368],[120.897797,5.498521],[120.823741,5.533637],[120.860688,5.574368]]],[[[121.902354,6.033637],[121.857677,6.002265],[121.776622,6.077379],[121.902354,6.033637]]],[[[125.79127,6.948188],[125.674083,7.070217],[125.715831,7.19595],[125.79127,6.948188]]],[[[122.97169,7.383612],[122.800548,7.32095],[122.82838,7.430813],[122.97169,7.383612]]],[[[121.252452,9.631171],[121.256847,9.627346],[121.257172,9.624457],[121.23463,9.594306],[121.223643,9.583319],[121.210948,9.575873],[121.213552,9.584377],[121.223643,9.605699],[121.228038,9.610053],[121.239106,9.614325],[121.244884,9.624416],[121.250011,9.635932],[121.258637,9.644843],[121.257823,9.638373],[121.256602,9.635565],[121.254731,9.633857],[121.252452,9.631171]]],[[[125.990245,9.685736],[125.946951,9.56623],[125.934825,9.759914],[125.990245,9.685736]]],[[[126.569184,7.301093],[126.466156,7.003119],[126.309581,6.94892],[126.33961,6.786526],[126.17213,6.903876],[126.257172,6.744818],[126.200206,6.283189],[125.853201,7.336005],[125.668305,7.257025],[125.377615,6.674221],[125.589854,6.499172],[125.699229,6.040473],[125.371267,5.572943],[125.181163,5.798326],[125.250743,6.093085],[124.963634,5.858588],[124.201671,6.221747],[123.96518,6.832343],[124.246755,7.40412],[123.703949,7.809394],[123.444672,7.801337],[123.485688,7.66356],[123.353526,7.572089],[123.431,7.36872],[123.140636,7.513129],[123.117931,7.74136],[123.006602,7.472357],[122.917247,7.547512],[122.822032,7.459418],[122.814708,7.743354],[122.618663,7.774075],[122.347992,7.452541],[122.15447,6.928127],[121.898936,7.057196],[122.25172,7.980129],[122.945323,8.161851],[123.042003,8.490139],[123.318207,8.533515],[123.397146,8.723212],[123.581309,8.582831],[123.61671,8.670722],[123.7588,8.607489],[123.844737,8.452216],[123.882986,8.164496],[123.676443,7.963365],[124.23227,8.212877],[124.405772,8.607896],[124.657481,8.514553],[124.636485,8.431952],[124.753184,8.50023],[124.809418,9.009467],[125.105968,8.829779],[125.208751,9.086493],[125.516612,9.015937],[125.459483,9.822943],[125.97283,9.480292],[125.910981,9.404934],[126.057953,9.245998],[126.2199,9.30565],[126.178966,9.093004],[126.34547,8.853258],[126.110525,8.607123],[126.405284,8.492621],[126.338634,8.214586],[126.459321,8.24018],[126.466156,8.095526],[126.383067,7.885688],[126.582856,7.719428],[126.569184,7.301093]]],[[[125.295095,9.970649],[125.273936,9.919135],[125.145763,10.070705],[125.137462,10.165513],[125.229259,10.121161],[125.295095,9.970649]]],[[[124.379731,10.691311],[124.378429,10.628323],[124.284353,10.603827],[124.327647,10.704006],[124.379731,10.691311]]],[[[124.465831,10.713609],[124.5088,10.641547],[124.40919,10.648261],[124.465831,10.713609]]],[[[125.822032,10.734687],[125.769379,10.700385],[125.684093,10.752753],[125.687266,10.805162],[125.822032,10.734687]]],[[[119.632091,11.069892],[119.64796,11.015286],[119.613129,11.00845],[119.579763,11.097846],[119.632091,11.069892]]],[[[119.613129,11.200263],[119.627696,11.173041],[119.570079,11.144355],[119.613129,11.200263]]],[[[124.59962,11.563381],[124.472667,11.473944],[124.349132,11.68008],[124.523204,11.686265],[124.59962,11.563381]]],[[[124.815196,11.63227],[124.856212,11.604926],[124.846039,11.548774],[124.787852,11.570217],[124.732677,11.721625],[124.815196,11.63227]]],[[[122.297211,18.403876],[122.135753,17.737291],[122.25115,17.360175],[122.414561,17.319078],[122.41684,17.145819],[122.529063,17.090522],[122.203868,16.236518],[121.997895,16.031073],[122.107758,16.263821],[121.567393,15.915717],[121.629161,15.661119],[121.391124,15.266262],[121.724946,14.73078],[121.608165,14.630194],[121.731619,14.188218],[121.93629,13.995185],[122.231944,13.90644],[122.183442,13.988959],[122.313731,14.016303],[122.162934,14.167792],[122.263682,14.247382],[122.300141,14.092027],[122.41627,14.324774],[122.679861,14.350531],[123.042247,14.098049],[123.108246,13.722113],[123.301768,13.789455],[123.33546,13.982164],[123.21811,13.992743],[123.331798,14.099514],[123.417328,13.90644],[123.711681,13.934394],[123.937755,13.784003],[123.570486,13.722968],[123.526622,13.606024],[123.855642,13.228664],[123.745779,13.064154],[123.882986,13.146064],[124.184581,13.057318],[124.054942,12.537258],[123.79363,12.831448],[124.025157,12.955308],[123.725352,12.84512],[123.310069,13.012356],[123.168793,13.449205],[122.536876,13.961127],[122.413097,13.948065],[122.672699,13.379299],[122.588145,13.174018],[122.369477,13.549791],[121.724864,13.969143],[121.278819,13.595038],[121.03891,13.632758],[121.003754,13.780911],[120.887462,13.693508],[120.87672,13.912258],[120.704845,13.927436],[120.649669,13.784247],[120.573497,14.174547],[120.970388,14.501899],[120.943126,14.65351],[120.585704,14.902818],[120.58839,14.466986],[120.40211,14.455756],[120.242361,14.729641],[120.292247,14.82567],[120.079926,14.803941],[119.888194,15.429023],[119.89503,15.87401],[119.75587,15.944566],[119.801931,16.357856],[119.916352,16.380845],[119.901866,16.2508],[120.138845,16.046129],[120.299083,16.017401],[120.40211,16.165473],[120.276134,16.611884],[120.43629,17.008002],[120.443696,17.388495],[120.333832,17.556383],[120.57016,18.501776],[120.812999,18.644517],[120.926931,18.56623],[121.106781,18.642727],[121.649669,18.313951],[121.986827,18.290432],[122.152843,18.518785],[122.297211,18.403876]]],[[[120.251964,5.266506],[120.216563,5.114976],[120.120942,5.218004],[119.819347,5.059801],[120.187836,5.34512],[120.251964,5.266506]]],[[[120.588145,6.380764],[120.577322,6.251532],[120.49464,6.249335],[120.588145,6.380764]]],[[[122.296723,6.633246],[122.18865,6.451077],[121.96225,6.404853],[121.806814,6.619289],[122.066661,6.740709],[122.296723,6.633246]]],[[[118.537608,7.006293],[118.503103,6.971422],[118.427257,7.018215],[118.510265,7.047187],[118.537608,7.006293]]],[[[117.084972,8.057847],[117.009939,7.800279],[116.961681,8.061998],[117.084972,8.057847]]],[[[117.030528,8.068264],[116.99586,8.103013],[117.045421,8.13581],[117.068126,8.086249],[117.030528,8.068264]]],[[[117.167735,8.178127],[117.189708,8.176744],[117.204845,8.166815],[117.20574,8.155504],[117.184825,8.150133],[117.161794,8.156724],[117.152354,8.170071],[117.154796,8.180406],[117.167735,8.178127]]],[[[117.32545,8.32274],[117.359548,8.219062],[117.289724,8.184312],[117.279633,8.311103],[117.32545,8.32274]]],[[[117.242849,8.315253],[117.190115,8.26203],[117.189464,8.299547],[117.242849,8.343207],[117.242849,8.315253]]],[[[124.78419,9.199774],[124.770193,9.077379],[124.636485,9.182359],[124.78419,9.199774]]],[[[123.698009,9.165025],[123.471202,9.185452],[123.6421,9.293647],[123.698009,9.165025]]],[[[126.165863,9.829169],[126.048595,9.754625],[125.965994,9.850246],[126.071462,10.059068],[126.165863,9.829169]]],[[[124.565278,9.870754],[124.596202,9.737291],[124.2942,9.606757],[123.937511,9.617499],[123.801036,9.757758],[124.222667,10.151923],[124.577647,10.033922],[124.565278,9.870754]]],[[[125.719574,9.911689],[125.495291,10.10871],[125.637706,10.460395],[125.719574,9.911689]]],[[[119.950206,10.603746],[119.984141,10.531317],[119.788585,10.456977],[119.837901,10.637519],[119.950206,10.603746]]],[[[122.711111,10.734687],[122.68686,10.506008],[122.536632,10.41942],[122.536632,10.607489],[122.711111,10.734687]]],[[[123.574474,10.830959],[123.156749,9.867621],[123.135509,9.55268],[123.317638,9.256903],[123.033214,9.035305],[122.8449,9.347073],[122.551768,9.490953],[122.395193,9.842841],[122.47462,9.974351],[122.872813,10.100409],[122.814708,10.515041],[122.993826,10.906724],[123.259776,10.994818],[123.574474,10.830959]]],[[[124.047374,10.834052],[124.014903,10.372463],[123.652599,10.063625],[123.327647,9.408149],[123.387055,9.973782],[123.849294,10.752631],[123.958751,11.17593],[124.074718,11.26911],[124.047374,10.834052]]],[[[123.801036,11.179145],[123.814952,11.148017],[123.733653,11.154283],[123.704845,11.241197],[123.745779,11.292467],[123.801036,11.179145]]],[[[119.671886,10.552558],[119.575857,10.38052],[119.285981,10.261379],[119.1963,10.056342],[118.774181,9.934149],[118.756358,9.66767],[118.365001,9.193061],[118.136974,9.130845],[118.013682,8.8876],[117.190766,8.338324],[117.263927,8.610093],[117.655528,9.057929],[118.133556,9.343166],[119.001964,10.397528],[119.278087,10.508205],[119.344981,10.723578],[119.222504,10.941718],[119.46754,10.732652],[119.319998,11.000881],[119.491059,11.420885],[119.504568,10.884955],[119.671886,10.552558]]],[[[119.867198,11.51557],[119.832856,11.378363],[119.716156,11.460354],[119.867198,11.51557]]],[[[125.273936,10.323188],[125.151052,10.185452],[124.990977,10.381334],[125.031749,10.02025],[124.780447,10.151923],[124.778819,10.821438],[124.622325,11.002021],[124.514496,10.873684],[124.396007,10.934068],[124.300629,11.542873],[124.629893,11.304429],[124.976329,11.392035],[125.013845,10.754584],[125.194102,10.602973],[125.273936,10.323188]]],[[[123.170421,11.48078],[123.131358,11.182685],[122.789317,10.97606],[122.744802,10.79564],[122.226573,10.642239],[121.949718,10.433173],[122.107188,11.657945],[121.853852,11.769436],[121.896821,11.893785],[122.377208,11.733222],[122.622325,11.508734],[122.830333,11.605292],[122.900727,11.437934],[123.163585,11.59809],[123.170421,11.48078]]],[[[120.02475,11.892971],[120.079926,11.789252],[119.96697,11.664374],[120.004893,11.782538],[119.854015,11.954413],[120.02475,11.892971]]],[[[120.347504,12.029486],[120.00115,12.011176],[119.847667,12.166734],[119.88502,12.322699],[120.196056,12.112006],[120.229747,12.218655],[120.347504,12.029486]]],[[[122.687511,12.402818],[122.611827,12.276516],[122.423025,12.462877],[122.687511,12.402818]]],[[[125.712738,11.148749],[125.760509,11.022773],[125.651541,11.1494],[125.246837,11.09219],[125.172374,11.265204],[125.000987,11.289781],[125.007009,11.426174],[124.828298,11.508734],[125.043712,11.757758],[124.892426,11.761461],[124.493175,12.097805],[124.283458,12.570624],[125.272146,12.49901],[125.314789,12.296373],[125.538259,12.183498],[125.466319,11.611762],[125.637706,11.368476],[125.555024,11.211859],[125.712738,11.148749]]],[[[124.054942,11.799791],[123.742931,11.926947],[123.485362,12.218085],[123.159679,11.917792],[123.294607,12.217231],[123.234711,12.59276],[123.356456,12.549262],[123.326427,12.438056],[123.434093,12.518622],[123.889659,12.207668],[124.054942,11.799791]]],[[[122.279633,12.605455],[122.31129,12.536689],[122.279633,12.474514],[122.245616,12.570746],[122.279633,12.605455]]],[[[122.115245,12.666327],[122.012218,12.10456],[121.924083,12.339342],[122.115245,12.666327]]],[[[123.787364,12.375556],[123.774913,12.349026],[123.583181,12.623928],[123.609223,12.687445],[123.732677,12.591254],[123.787364,12.375556]]],[[[123.280284,12.864936],[123.341075,12.718207],[122.944509,13.111314],[123.280284,12.864936]]],[[[121.526134,12.704495],[121.395763,12.289537],[121.113617,12.251288],[120.664887,13.155911],[120.321544,13.487779],[120.977387,13.530341],[121.121593,13.372016],[121.197113,13.440904],[121.552989,13.111314],[121.526134,12.704495]]],[[[122.101573,13.416693],[122.0088,13.204779],[121.813731,13.35224],[121.858653,13.565497],[122.101573,13.416693]]],[[[120.260916,13.711575],[120.264334,13.673733],[120.108246,13.776842],[120.085704,13.860785],[120.237641,13.804633],[120.260916,13.711575]]],[[[124.417979,13.872952],[124.334727,13.557603],[124.047374,13.606024],[124.136892,14.078355],[124.417979,13.872952]]],[[[122.104747,14.102607],[122.183442,14.030585],[122.136078,14.019232],[121.96518,14.142971],[121.926606,14.221259],[122.104747,14.102607]]],[[[122.235362,14.797756],[122.242198,14.736314],[122.105724,14.84394],[122.203868,14.838772],[122.197113,14.803941],[122.235362,14.797756]]],[[[122.005382,15.010688],[121.940196,14.640082],[121.826427,15.012152],[122.005382,15.010688]]],[[[121.388438,18.902981],[121.477794,18.881903],[121.431407,18.856147],[121.279145,18.862006],[121.388438,18.902981]]],[[[121.971202,18.984931],[121.989106,18.949123],[121.865733,18.821926],[121.834158,18.834296],[121.892589,18.996487],[121.971202,18.984931]]],[[[121.210948,19.176703],[121.244965,19.018459],[121.190278,19.087348],[121.210948,19.176703]]],[[[121.526134,19.320705],[121.546723,19.282864],[121.498302,19.259263],[121.398936,19.303371],[121.350841,19.375922],[121.516612,19.393541],[121.526134,19.320705]]],[[[121.977306,19.577379],[121.978038,19.498847],[121.898204,19.53677],[121.977306,19.577379]]],[[[121.841645,20.346015],[121.89324,20.313666],[121.869314,20.27619],[121.841645,20.346015]]],[[[122.009776,20.488471],[122.0324,20.464057],[121.963715,20.406643],[121.971202,20.368476],[121.92213,20.354153],[122.009776,20.488471]]],[[[121.877208,20.770331],[121.829845,20.698961],[121.786388,20.70307],[121.845876,20.831366],[121.877208,20.770331]]],[[[119.483246,4.850898],[119.503591,4.764228],[119.456554,4.655707],[119.435395,4.902777],[119.483246,4.850898]]],[[[121.217459,5.820746],[121.13502,5.807074],[121.162852,5.848049],[121.217459,5.820746]]],[[[121.381602,6.005683],[121.292491,5.858832],[120.871837,5.961005],[121.042247,6.097113],[121.381602,6.005683]]],[[[121.628917,6.657416],[121.616384,6.561428],[121.58253,6.631659],[121.628917,6.657416]]],[[[121.094493,10.895819],[121.087169,10.823472],[121.017589,10.834133],[121.094493,10.895819]]],[[[120.285167,11.930162],[120.267914,11.81623],[120.203298,11.947577],[120.285167,11.930162]]],[[[121.406423,12.062445],[121.413829,12.014553],[121.371837,12.011135],[121.358653,12.114691],[121.406423,12.062445]]],[[[119.959727,8.880601],[119.960623,8.877102],[119.958344,8.877183],[119.959727,8.880601]]],[[[119.969249,8.880927],[119.968272,8.884101],[119.971934,8.882392],[119.971446,8.880927],[119.969249,8.880927]]],[[[119.965343,8.887193],[119.965668,8.887397],[119.966075,8.885688],[119.964854,8.884996],[119.964366,8.885647],[119.964203,8.885565],[119.963227,8.88703],[119.96518,8.887926],[119.965343,8.887193]]],[[[119.967784,8.891547],[119.968272,8.891791],[119.968516,8.890041],[119.967296,8.88935],[119.966807,8.88996],[119.966807,8.889879],[119.965668,8.891425],[119.967621,8.892279],[119.967784,8.891547]]],[[[121.723969,12.913967],[121.72047,12.913235],[121.717459,12.911078],[121.719249,12.907294],[121.722179,12.903632],[121.717784,12.899604],[121.711192,12.900377],[121.706716,12.905097],[121.703298,12.90412],[121.699067,12.905341],[121.691661,12.914455],[121.684744,12.920152],[121.682791,12.924384],[121.681814,12.935533],[121.68865,12.94717],[121.70045,12.950141],[121.714122,12.947333],[121.718272,12.947333],[121.725759,12.939887],[121.7317,12.928778],[121.729177,12.919135],[121.723969,12.913967]]],[[[121.088634,13.530341],[121.043468,13.567572],[121.085785,13.570624],[121.088634,13.530341]]],[[[121.936697,21.065619],[121.929698,21.064521],[121.934825,21.073228],[121.936697,21.065619]]],[[[121.947439,21.116156],[121.950694,21.122382],[121.954275,21.118394],[121.949067,21.106879],[121.947439,21.116156]]],[[[119.830903,4.82095],[119.85377,4.808254],[119.857677,4.79857],[119.849783,4.796861],[119.833995,4.796617],[119.819347,4.80386],[119.812348,4.81684],[119.830903,4.82095]]],[[[119.836925,4.86286],[119.793142,4.921861],[119.842621,4.904853],[119.836925,4.86286]]],[[[119.79656,5.057603],[119.745779,5.044013],[119.79835,5.121039],[119.79656,5.057603]]],[[[125.418712,5.425482],[125.418712,5.368476],[125.334239,5.387681],[125.418712,5.425482]]],[[[120.860118,5.703843],[120.88266,5.685289],[120.799327,5.667629],[120.860118,5.703843]]],[[[120.904307,5.759101],[120.916189,5.753241],[120.929373,5.733222],[120.924327,5.711737],[120.909923,5.700019],[120.89088,5.709784],[120.892345,5.741441],[120.904307,5.759101]]],[[[123.841319,9.642401],[123.868337,9.62051],[123.804535,9.560289],[123.726329,9.586982],[123.841319,9.642401]]],[[[124.606944,10.140326],[124.597667,10.094184],[124.529552,10.068549],[124.521821,10.112047],[124.606944,10.140326]]],[[[121.474132,11.866848],[121.526052,11.846584],[121.495372,11.827826],[121.412608,11.840277],[121.474132,11.866848]]],[[[124.206228,12.081244],[124.229259,12.063625],[124.150238,12.04385],[124.206228,12.081244]]],[[[121.115977,12.196763],[121.118907,12.158108],[121.051606,12.220933],[121.059906,12.278388],[121.115977,12.196763]]],[[[124.16863,12.398139],[124.149099,12.4147],[124.137462,12.437567],[124.1338,12.459418],[124.133556,12.470771],[124.142589,12.468695],[124.160492,12.456041],[124.176606,12.432685],[124.181977,12.406928],[124.16863,12.398139]]],[[[124.148611,13.185777],[124.065603,13.210761],[124.178722,13.222968],[124.209158,13.178209],[124.148611,13.185777]]],[[[124.086274,13.260443],[124.025401,13.221991],[123.912446,13.288642],[124.086274,13.260443]]],[[[123.89031,13.274075],[123.884288,13.229926],[123.845958,13.27025],[123.848888,13.354153],[123.92213,13.329983],[123.89031,13.274075]]],[[[123.801524,13.366034],[123.771658,13.40351],[123.842947,13.371812],[123.801524,13.366034]]],[[[122.411794,14.725816],[122.397797,14.685858],[122.319347,14.683498],[122.411794,14.725816]]],[[[120.005056,16.268622],[119.992931,16.23017],[119.922374,16.303778],[119.98406,16.3487],[120.005056,16.268622]]],[[[123.991649,10.324284],[124.04384,10.324284],[123.933196,10.254348],[123.991649,10.324284]]]]}},{"type":"Feature","properties":{"dashboardCountry":"Sri Lanka"},"geometry":{"type":"MultiPolygon","coordinates":[[[[81.875987,7.091946],[81.775645,6.610419],[81.324962,6.20539],[80.590831,5.923733],[80.094005,6.136054],[79.863048,6.807196],[79.696788,8.219062],[79.778575,8.350043],[79.731944,8.013129],[79.833832,8.003079],[79.915538,8.938544],[80.105642,9.192857],[80.052989,9.391547],[80.197032,9.473456],[80.052989,9.596381],[80.286876,9.452704],[80.614757,9.446194],[79.958018,9.685736],[79.970714,9.815131],[80.444021,9.575914],[80.138682,9.798733],[80.246755,9.825873],[80.823904,9.270494],[80.914887,8.943915],[81.2317,8.651068],[81.133962,8.501288],[81.365733,8.482164],[81.396251,8.136542],[81.855724,7.412177],[81.875987,7.091946]]],[[[81.73878,7.660468],[81.725108,7.739936],[81.806326,7.598578],[81.807791,7.479193],[81.73878,7.660468]]],[[[79.714122,9.075629],[79.714122,9.103583],[79.841645,9.077216],[79.916515,9.020982],[79.85434,9.04149],[79.909679,8.973212],[79.714122,9.075629]]],[[[79.730805,9.50019],[79.666026,9.491278],[79.658702,9.555365],[79.730805,9.50019]]],[[[79.895844,9.617499],[79.882335,9.760891],[79.977875,9.624335],[79.895844,9.617499]]]]}},{"type":"Feature","properties":{"dashboardCountry":"Taiwan"},"geometry":{"type":"MultiPolygon","coordinates":[[[[121.905772,24.9501],[121.400076,23.145494],[120.948253,22.526801],[120.840343,21.904608],[120.714366,21.937486],[120.621267,22.295071],[120.285167,22.580064],[120.166189,23.031724],[120.055186,23.043687],[120.184418,23.76439],[121.059337,25.050238],[121.443207,25.13642],[121.43629,25.241441],[121.580821,25.283026],[121.905121,25.106594],[122.005382,25.001899],[121.905772,24.9501]]],[[[121.563487,22.044623],[121.587657,22.013861],[121.53891,22.018215],[121.492035,22.08218],[121.56658,22.08218],[121.563487,22.044623]]],[[[118.394216,24.522691],[118.463356,24.431523],[118.283946,24.401272],[118.394216,24.522691]]],[[[119.64796,23.603461],[119.668468,23.548814],[119.563975,23.516588],[119.52711,23.539984],[119.587169,23.548814],[119.552419,23.590399],[119.64796,23.603461]]],[[[119.477061,23.603461],[119.517345,23.6376],[119.49171,23.571031],[119.442393,23.562486],[119.477061,23.603461]]],[[[119.572602,23.627672],[119.566417,23.679185],[119.596202,23.653266],[119.572602,23.627672]]],[[[121.460704,22.659003],[121.502778,22.669501],[121.496104,22.63467],[121.460704,22.659003]]],[[[120.021861,23.451644],[120.074932,23.500818],[120.115251,23.547912],[120.12477,23.550454],[120.090301,23.499396],[120.07345,23.483814],[120.062272,23.471279],[120.047912,23.458085],[120.036595,23.450809],[120.019542,23.438381],[120.007656,23.432594],[120.021861,23.451644]]]]}},{"type":"Feature","properties":{"dashboardCountry":"Singapore"},"geometry":{"type":"Polygon","coordinates":[[[103.960785,1.391099],[103.838878,1.266262],[103.640391,1.322252],[103.708344,1.429389],[103.960785,1.391099]]]}},{"type":"Feature","properties":{"dashboardCountry":"Samoa"},"geometry":{"type":"MultiPolygon","coordinates":[[[[-172.201039,-13.592543],[-172.219065,-13.805352],[-172.523183,-13.805352],[-172.782582,-13.520278],[-172.344431,-13.462986],[-172.201039,-13.592543]]],[[[-171.56428,-13.949395],[-171.440745,-14.051853],[-171.753285,-14.051528],[-172.063669,-13.885024],[-171.834543,-13.807387],[-171.56428,-13.949395]]]]}}]}
